;Temperature;A1;A2;A3;A4;A5;A6;A7;A8;A9;A10;A11;B1;B2;B3;B4;B5;B6;B7;B8;B9;B10;B11;C1;C2;C3;C4;C5;C6;C7;C8;C9;C10;C11;D1;D2;D3;D4;D5;D6;D7;D8;D9;D10;D11;E1;E2;E3;E4;E5;E6;E7;E8;E9;E10;E11;F1;F2;F3;F4;F5;F6;F7;F8;F9;F10;F11;G1;G2;G3;G4;G5;G6;G7;G8;G9;G10;G11;H1;H2;H3;H4;H5;H6;H7;H8;H9;H10;H11
;65;8,30999469720882;14,7452352584347;1,54677476343335;-1,77478666117804;-4,23999717666152;3,60524579265405;3,7242337015789;3,50363010768376;8,55624704606612;-2,34847702566054;7,7388825345414;22,0951928480104;29,7711123701282;24,6189313777286;3,51521105629479;-3,89636652337526;2,23364305488963;0,306722707380686;-3,08787454272851;7,24156028481889;-2,10582301503337;1,50734334440381;29,9720443162591;33,9957575565358;34,6552308925018;6,42688934462171;5,16782938932135;-2,35842784705801;-1,11003479572446;-2,76424217316332;7,18155852430641;4,72260153406984;1,27521423746697;27,936809957218;31,0684319895594;40,5583146635971;4,58100957374131;5,9073599468918;-3,04054665615615;-3,0399936738221;-6,90113869012225;8,08576502984556;6,05467982836717;0,790976571065471;31,7836497752933;21,7473036952866;30,0525200430903;7,59573618372087;-6,90472459354385;-3,28214929890794;-6,82166254629453;-2,31486937510749;5,90943566679789;9,94048739310801;0,328320273470922;24,9979077848594;17,3257615814855;31,5188568663206;9,31150702203013;-11,5247634921252;-3,59850535983821;-3,01902546890472;11,942081915993;-0,700606769416027;7,57360145704808;-4,02994083525101;27,0599968146508;28,0726877140065;31,66362979658;13,546310493615;-6,32847350620295;-2,73429662821047;-0,288468152148539;13,3909699785714;-0,744219356557664;5,85737862700341;-0,156377163671323;1,97201021002684;21,8641657019589;23,2315776709078;6,10108735515894;-11,2279632062895;-3,99891700077421;-3,63266850242439;15,8584104051822;-1,35908528574862;44,348449497214;-0,767334332855569
;65,5;18,0049885106191;31,9480097266086;3,35134532077251;-3,84537109921973;-9,18666054943355;7,8113658840839;8,06917302008787;7,59119856664802;18,5385352664759;-5,08836688893138;16,7675788248395;47,8729178373566;64,5040768019448;53,3410179850774;7,61629062197164;-8,44212746731307;4,83955995225995;0,664565865992927;-6,69039484257792;15,690047283774;-4,56261653257229;3,26591057954113;64,9394293518945;73,6574747058272;75,0863336004205;13,9249269133476;11,1969636768625;-5,10992700195902;-2,40507539073633;-5,9891913751876;15,56004346933;10,2323033238179;2,76296418117818;60,5297549073053;67,3149359773782;87,8763484377934;9,92552074310697;12,7992798849325;-6,5878510883382;-6,58665295994774;-14,9524671619313;17,5191575646649;13,1184729614622;1,71378257064185;68,8645745131361;47,1191580064532;65,1137934266952;16,4574283980619;-14,9602366193449;-7,1113234809676;-14,7802688503044;-5,0155503127329;12,8037772780609;21,5377226850665;0,711360592519611;54,1621335338619;37,5391500932188;68,2908565436952;20,1749318810653;-24,970320899604;-7,79676161298175;-6,54122184929224;25,8745108179847;-1,51798133373381;16,4094698236054;-8,73153847637667;58,6299930984103;60,8241567136812;68,6045312259228;29,3503394028328;-13,7116925967741;-5,92430936112294;-0,625014329656096;29,0137682869049;-1,61247527254147;12,6909870251742;-0,338817187954987;4,27268878839135;47,3723590209103;50,3350849536331;13,2190226028433;-24,3272536136267;-8,66432016834506;-7,87078175525312;34,3598892112283;-2,94468478578801;96,0883072439641;-1,66255772118694
;66;16,6199893944176;29,4904705168703;3,09354952686647;-3,54957332235665;-8,47999435332326;7,210491585309;7,44846740315802;7,0072602153665;17,1124940921308;-4,69695405132131;15,4777650690831;44,1903856960223;59,542224740256;49,237862755456;7,03042211258924;-7,79273304674962;4,46728610977846;0,613445414763532;-6,17574908545657;14,4831205696375;-4,21164603006673;3,01468668880676;59,9440886325172;67,9915151130722;69,3104617850044;12,8537786892447;10,3356587786424;-4,71685569411602;-2,22006959144892;-5,5284843463279;14,3631170486115;9,44520306813962;2,55042847493417;55,8736199144348;62,1368639791183;81,1166293271938;9,16201914748342;11,8147198937838;-6,08109331231219;-6,07998734764317;-13,8022773802443;16,1715300596898;12,1093596567343;1,58195314213134;63,5672995505871;43,4946073905721;60,1050400861793;15,1914723674417;-13,8094491870867;-6,56429859781633;-13,6433250925887;-4,62973875021419;11,8188713335948;19,8809747862143;0,656640546941219;49,9958155697187;34,6515231629704;63,0377137326418;18,6230140440603;-23,0495269842497;-7,1970107196754;-6,03805093780829;23,8841638319867;-1,40121353883035;15,1472029140982;-8,05988167050111;54,119993629301;56,1453754280134;63,3272595931585;27,0926209872302;-12,6569470124069;-5,46859325642026;-0,576936304298897;26,7819399571438;-1,48843871311522;11,7147572540069;-0,312754327343498;3,94402042005396;43,7283314039172;46,4631553418152;12,202174710317;-22,4559264125785;-7,99783400155025;-7,26533700484902;31,7168208103645;-2,71817057149497;88,6968989944294;-1,53466866571148
;66,5;16,6199893944182;29,4904705168764;3,09354952686158;-3,54957332235335;-8,47999435332224;7,21049158531468;7,44846740315984;7,00726021535218;17,1124940921337;-4,69695405132444;15,4777650690832;44,1903856960195;59,5422247402563;49,2378627554508;7,0304221125823;-7,79273304675712;4,46728610978721;0,613445414755233;-6,17574908546021;14,4831205696373;-4,21164603006247;3,01468668880631;59,9440886325237;67,9915151130783;69,3104617850061;12,853778689244;10,3356587786275;-4,71685569411113;-2,22006959144596;-5,52848434633097;14,36311704861;9,44520306814525;2,55042847493087;55,8736199144462;62,1368639791173;81,1166293271905;9,16201914746944;11,8147198937721;-6,08109331230446;-6,0799873476584;-13,8022773802323;16,171530059684;12,1093596567389;1,58195314212497;63,5672995505817;43,4946073905826;60,105040086169;15,1914723674259;-13,8094491870905;-6,56429859781406;-13,6433250925904;-4,62973875020884;11,8188713335862;19,8809747862193;0,656640546945084;49,9958155697143;34,6515231629643;63,0377137326514;18,6230140440647;-23,049526984261;-7,19701071967472;-6,03805093781591;23,8841638319849;-1,40121353882694;15,1472029141045;-8,05988167050879;54,1199936292967;56,1453754280144;63,3272595931746;27,0926209872342;-12,6569470123987;-5,46859325642151;-0,576936304298442;26,7819399571525;-1,48843871310908;11,7147572540094;-0,312754327343953;3,94402042006078;43,7283314039215;46,4631553418086;12,2021747103248;-22,4559264125853;-7,99783400155366;-7,26533700485413;31,7168208103576;-2,71817057149542;88,696898994423;-1,53466866571006
;67;16,6199893944137;29,4904705168293;3,09354952690126;-3,54957332237234;-8,47999435333361;7,21049158527092;7,44846740314415;7,00726021546643;17,1124940921183;-4,69695405129568;15,4777650690839;44,1903856960359;59,5422247402579;49,2378627554957;7,03042211263255;-7,79273304669675;4,46728610972411;0,613445414816283;-6,17574908542701;14,483120569636;-4,21164603009498;3,01468668881307;59,9440886324688;67,9915151130264;69,3104617849872;12,8537786892524;10,3356587787425;-4,71685569415069;-2,22006959147188;-5,52848434629698;14,3631170486324;9,44520306809909;2,5504284749573;55,8736199143572;62,1368639791255;81,1166293272242;9,16201914757619;11,8147198938658;-6,08109331236631;-6,07998734753642;-13,8022773803277;16,1715300597251;12,1093596567018;1,58195314217653;63,567299550617;43,4946073905063;60,1050400862642;15,1914723675524;-13,8094491870593;-6,56429859782065;-13,6433250925706;-4,62973875025352;11,8188713336577;19,8809747861876;0,656640546914673;49,9958155697457;34,6515231630144;63,0377137325665;18,6230140440292;-23,0495269841824;-7,19701071968802;-6,03805093775827;23,8841638320007;-1,40121353886047;15,1472029140461;-8,05988167045047;54,1199936293355;56,1453754280085;63,3272595930557;27,0926209872024;-12,6569470124567;-5,46859325641344;-0,576936304295941;26,7819399570806;-1,48843871315501;11,7147572539926;-0,312754327337188;3,94402042000524;43,7283314038953;46,4631553418604;12,2021747102663;-22,4559264125307;-7,99783400152023;-7,26533700481843;31,716820810414;-2,71817057149372;88,6968989944595;-1,5346686657204
;67,5;16,6820889084044;28,2667888834848;2,92538216407502;-3,6856264505717;-8,91920338019827;7,15215817403157;7,34671926351461;6,47531679025087;17,0534559027304;-4,92440687435794;15,4467965606365;43,0605516882251;58,8181003044715;48,969875985092;6,35585502700599;-9,26072125002645;4,30421149867141;0,58274219107534;-6,42583381002214;14,3487405962009;-4,04041889470136;3,16012606198012;59,1770703040856;67,4358086018177;68,7786257152271;12,0976474762302;9,24767049581396;-4,8381676092464;-2,24014781146684;-5,84050591166806;14,2877718930222;9,43046340501502;2,49586787524981;55,0780957360997;61,2741523043551;80,6221467461839;8,34132739868335;10,7720864216974;-6,28047813306432;-6,12551477327804;-15,1454316390164;16,1146793601102;12,2306714010501;1,62905919858878;63,0673026790311;42,2196855183348;59,7268954241458;14,380066094333;-14,8333944697848;-6,56623226955003;-13,928585552051;-6,24009349743858;11,7681648388233;19,8272881585714;0,599099806957497;49,129057693966;34,4327502788768;62,560081769986;17,8221448727571;-23,4836578690515;-7,32333076638417;-6,13823167123223;22,5340759549872;-1,43585882943296;15,0358812048129;-8,22417531755212;53,3309570934911;55,6490618468803;62,6715498482649;26,2009640549987;-13,4943135418509;-5,52983355919844;-0,633523297498982;25,6552732761646;-1,95097132748026;11,6301103455153;-0,205662925413606;3,96603858168334;43,1633297056469;46,1610409726051;11,3694647293298;-23,1624270551694;-8,06844767698851;-7,3117449577046;30,7473578773297;-3,95668617565741;88,7494394686614;-1,57756747781929
;68;16,2858996986017;35,9395817406599;4,03299309316088;-2,96466087112969;-6,40411524354181;7,53197796525455;7,94676864001758;9,61453266812896;17,380409644126;-3,56417236714645;15,7259572103249;50,2616682830696;63,516894705543;50,6922692367241;10,3727334356763;-0,217333112400979;5,39968062810533;0,766522073999454;-5,14119134229747;15,2694019257923;-5,18304862157919;2,15013144115801;64,1422401006053;71,0690970948311;72,1918295865463;16,6260981453388;15,8883215036881;-4,24679188172161;-2,2168041393827;-3,98889411384846;14,6803604043632;9,60573893393217;2,85883856162189;60,3324646801508;66,7486579670676;83,7840487021025;13,233637052594;17,0190428259657;-5,15670990049659;-5,91410803349538;-7,16914283197605;16,3874616164221;11,4785886966501;1,3637910207662;66,3571080727547;50,4266906068065;62,2444352290617;19,273251428913;-8,61848583192943;-6,60874319796847;-12,2141354406059;3,65966187272784;11,9821466469914;20,2218607101023;0,989769038981365;54,6423294913709;35,7721388725794;65,674120570939;22,6150730953956;-21,0002690529816;-6,55699090030646;-5,45485887878203;31,0171584713939;-1,34149620204767;15,7494348214677;-7,27430210819387;58,3949158253511;58,9279100776503;66,8561565720631;31,5866022329803;-8,55573612349679;-5,135803213342;-0,296195358907653;32,6853676905257;0,681587637259895;12,1985191262102;-0,941442122309809;3,86164444910827;46,8123746762911;48,0832144669542;16,3914244578355;-18,9153405396773;-7,61940593420741;-7,14724255107217;36,9014140480635;3,42957994870881;88,4335016348501;-1,20736212195106
;68,5;15,6455135744733;50,1058580285022;5,71673562859809;-0,752537603951623;-0,0665658364484898;8,15078925191733;9,258799500137;16,9393772966341;18,3977840313389;-0,557230294356373;15,4543942328701;62,6689411481201;70,9980533980771;53,6154023938807;19,3128819832734;17,7292677579563;6,82349670684505;1,02663731815096;-0,732795055509541;16,2567241818232;-6,58669354021208;1,06872123870659;72,1040776919564;76,5566934837194;77,8597710032701;26,5216975567727;29,5669870870507;-1,88400949878235;-1,46039018098531;-0,028723707946483;16,1201696641352;9,23660430561876;3,35545712263087;67,9047547134135;76,4476567909416;89,1807111287661;24,2408638984548;31,001324918309;-2,14315125560859;-5,08116751136936;10,9134804606531;17,6203992658382;10,0683963478791;0,603430530033108;71,1799615767925;64,0159163671854;65,6961721847568;29,886625851515;4,33941109353782;-6,4120885250328;-8,5706191891644;23,5507094316462;13,0870862712401;20,4465773041503;1,47463791463917;64,2107616489425;38,5462059483966;70,4855986893675;33,2840286431268;-14,581867022007;-4,93552198580153;-4,72606717940732;46,6933012791472;-0,357875008198903;16,9313827137227;-4,95454427233364;66,8161509014262;63,706726817688;74,057955131437;43,2352729981205;2,90315053457653;-4,62437810278118;0,342954484844427;45,9987471359176;7,51409493734729;12,9053254853995;-1,82670495095283;3,40060531638511;52,7867817683482;51,4386847906709;27,1542015275232;-9,94267126365514;-6,91990466879645;-5,91350625189966;47,7216265589874;19,9031051671043;87,7753468834169;-1,49663872062183
;69;15,0610275327844;59,3236049190757;5,87743967436694;2,80462310415157;7,27683660166474;8,15090926702499;11,0767923253802;23,5337795188226;18,9173216208942;2,0439713897573;15,3801473247385;69,4790437519043;74,0680897476153;54,5737213785376;27,8754689503063;30,8941899603726;7,23518083145643;2,16497195125567;5,77853741213789;16,7633401969725;-8,03078766875598;1,12434540034144;75,5986308536079;79,1047883695062;80,9262252230228;35,7582331463682;40,0091006373806;1,50777681297927;0,54126789729014;5,08422350002729;17,0990284997952;8,52100817252489;3,6155718530199;70,5303040002506;81,4012006898153;91,8185002429201;33,6492435320213;41,6175953570755;1,20979875885678;-3,0224099652271;27,5166837956014;18,6655391703703;8,79077885023014;0,0861478289667161;73,048271268381;70,0674740920999;66,8433196306889;38,0675138171919;15,4866673020782;-4,89829847669102;-5,08255684476319;37,7708824694942;15,553282330387;20,4040022788093;1,4566178975619;69,6622576865182;40,3131914833159;72,479326552761;42,056461209834;-8,00795036985824;-3,90474788954816;-4,15178870142665;55,7038951675091;2,35227610161314;17,6078359119541;-2,22645142565801;71,258633443758;64,93573125928;77,6018766683089;51,9274567279896;13,8845147764255;-3,55335821638948;1,60734525212968;54,4034915008548;14,9290926437714;13,3397621560906;-1,59688813387459;2,78096106613879;55,1186731719586;53,194440191729;36,3623338433061;-0,500646258279289;-6,15326137286684;-3,64237734711605;53,6762410201852;34,9329037296282;86,9581067361114;-1,28605205029049
;69,5;14,1635436936459;65,3168703111531;5,78113226998528;7,71570989458132;15,2475019161257;8,44707284709204;13,2034785496171;28,6688107264632;18,9086857817906;4,93001708680134;15,5953114386881;73,2564226314113;75,2026563700312;54,8997539642286;36,6747719020478;40,7173749198746;7,54925298894909;4,78905067385119;13,6966606917217;18,3059362662553;-9,78480666254956;1,77169986107288;78,2050205589261;80,790777672372;82,9627385776254;43,9571212504558;48,5504988798764;5,09518523643601;3,00231112905055;13,0430076400161;17,8679626003936;8,24823939707346;3,35020508383644;72,4262933338065;83,9929419811941;93,2038843351727;42,0891700523359;48,0812887712424;4,94480479575441;0,233437723139218;42,2731172919721;19,1741446743367;7,40132894650242;-0,24770858428775;74,7623789295396;73,0332026117426;68,0208922557106;44,5718530110745;24,7194158816094;-1,40365538026697;-0,0281335392999154;47,86389203405;17,755009431675;20,5548666470285;1,83807557201925;73,0920910183171;41,2179834020219;73,8304148945218;48,9300370901693;-3,04729466539493;-1,74887914899637;-2,79634132114165;60,0505091447923;6,19409752990077;18,3914639242726;-0,0472238145854362;74,2357976526865;65,7160805221018;79,9497962023851;58,4326116038825;23,2126604341546;-1,1711857664053;4,34131793611061;60,3253136204385;24,0083420703704;13,8560644084841;-0,945534691824264;2,58345564767501;56,3770071252608;54,0370661432686;44,4953203304251;9,5833307411034;-3,93425130367575;-0,580525453865903;57,2070868236854;47,9616420428046;86,5447453978641;-0,816895853949063
;70;13,7130942800202;68,4994866895811;6,21468320445854;13,4862953969075;25,2897947988444;9,16661528546263;15,3649776187735;33,6622925684918;19,6196738856881;7,33984217243835;15,3382506365683;75,009417006221;75,6873255665519;55,0843786457547;44,5181099086848;47,7520284631159;8,44221668069611;8,51224067789224;23,8542760988013;20,2554349463438;-10,777007741767;2,10812336882606;80,1832494996776;81,4831798034122;84,1948086243048;50,3513417005843;54,3853382806303;10,151805828339;7,15952613565457;23,4158769771632;19,0769340884243;7,46011418519868;2,80601997506642;74,8962962835034;85,5698330939051;94,1561271533252;48,401290917189;52,2035827996584;9,89939575511505;4,5756721123222;54,3851535137229;20,1188438400445;5,93139561722467;-0,246408781838795;76,1853944541837;75,313535746808;68,8581914550101;50,1808473447056;31,558066551952;2,41604959087465;6,6850592355089;54,7304210194968;19,6667072906769;20,4929184959357;2,82419625782711;74,4215209260645;42,2420656631357;74,7665260398729;54,3215559433853;6,7469317016446;2,21683972408857;-0,423032681461336;62,4677223583006;12,1514885008728;19,2233617910938;1,60147165224913;76,4991110402351;66,4595287082814;83,3042309568928;62,827960439249;30,9413988647607;2,06765005961427;7,5571558528793;64,9701828034056;33,8448278957312;14,4103825923227;-0,774394414508549;2,62288705937317;56,9600074709186;54,4066956905575;50,3751837860646;18,2457194918219;-0,172861774933381;3,43567699982646;60,082906680488;58,3112271620488;86,2104318520749;-1,08673695547236
;70,5;13,971874903186;70,0340758917537;6,14405123220126;19,9605609129052;36,2672895341078;10,2470772730599;18,2094063250298;38,4584274724015;21,7000612875064;8,93825295421539;14,4605811236771;76,4350383416893;76,0411776499024;55,0571852505282;50,3826558764076;52,87260678372;9,63345345830282;13,4704045900344;34,9993948034968;21,7892370468494;-11,0254117156979;2,06184669076026;81,043005175547;81,9142928359638;85,3644095407901;55,0761922607576;58,6684494212509;15,8725670421255;13,3500385476094;34,6552697999801;20,1343707361127;6,47711753164901;2,67435759940651;77,0966637957816;86,5031727749428;95,2236075249141;52,60612039439;55,1012122562366;14,6427986333607;10,1771593732113;62,607821768755;21,4226803262443;4,77898172451796;0,0291894827070678;77,5527279679471;77,2302588776317;69,2495808140353;54,4018129004567;36,6546080996961;7,01767022941908;12,9728859302608;59,0527446202756;22,0305274744484;19,3723912782589;3,30496216378725;74,999844085663;43,015588009676;75,5896847009333;58,4582816799777;20,3169293472605;6,02301764610718;2,66611088146772;65,1146718777575;20,4537295781591;19,55558681922;3,05058707341794;79,4773104063491;66,7073909553827;87,8609540305076;65,0972954974553;37,3161759179743;5,97505194083567;11,6707818261098;69,7135838982407;42,4089702207241;15,1260435193017;-0,615342372475197;2,54214594315812;57,0143880296366;54,9336380054581;54,3466620734033;25,124254379003;3,84369053144133;8,69281200500757;63,1236028120711;65,7042046297908;86,0854655338629;-1,43418225505349
;71;13,5747263561215;71,4648567558585;5,80787580529682;27,0016919207962;44,8107093444007;11,6879268042354;21,8956483931369;42,3549990025971;24,0221139380666;10,3821163752488;14,4483104444149;77,4130362258678;76,2567307803137;54,9115512828705;54,7151433648534;56,8328795612384;11,3895146402265;20,0091741685129;44,331213335882;24,0218202574351;-10,0313269819254;2,08751021995261;81,8036139726671;82,9613695851041;86,512415626569;58,312914982463;62,1648161759601;20,4200522716706;19,9505496315546;45,7456429198462;21,1358294430789;6,02735664922864;2,39423994524481;79,6832001850069;87,6851910696003;96,676112530744;56,2010836938607;56,8070127156041;18,6209398108712;16,5940033371891;67,3815454623423;22,701355958717;3,83597712515564;0,358012146972101;79,4176788766542;79,2494171357087;70,7612876650367;57,5108875796212;40,3866058721189;12,6369993983529;18,638540160913;62,509424145608;23,8328473315798;17,1877448318075;2,87832269107378;75,9710922596926;43,0091024553072;77,0307211406961;61,2404163372339;31,0408372212902;9,40719065711937;6,16155677689403;67,6105182152776;29,1390472139683;20,7563748334214;4,10889377626626;82,9567111419871;67,2032025766883;93,2436083412462;65,9928093226405;42,3922588062476;10,4723254572774;16,6224467360506;73,3030791714199;49,6801084850938;15,9817323213956;-0,294623556483316;2,29973666201386;57,3943644178672;55,1706147083844;57,6103575330009;30,83093426569;8,55513075429576;14,5308636086349;65,3861482762424;69,8052817517574;87,3137739940887;-1,0483608870951
;71,5;12,8302747763861;72,7996089628926;6,04159127784948;33,8399845558374;51,7245005293904;13,3144989988029;25,3280298753597;46,0697704967336;26,7803173125436;10,7052035260907;14,2833851360685;78,0311089899725;76,4322659820631;55,0810507390208;58,2016918632297;60,3742168915111;14,0373238366165;27,323300252374;52,0428531149507;26,8795174004102;-6,72926870819612;1,89620601018703;83,1296556708519;84,1182102981002;87,3169484266627;60,694291147633;64,4659030949056;23,9596014618802;26,2972343550396;55,6144765805982;23,1376526938968;4,89036272158671;1,72860636015372;83,6115854479488;88,7914541648909;98,2360523894347;59,5013009970014;58,1675918876822;22,464800474651;23,3114919338993;70,2853312383802;23,7194229154072;2,69339895677592;0,619142761158344;81,2759045097836;82,0133962959353;72,8676217425335;60,8843633361182;43,3591571616624;17,4454270305145;24,2561362180406;65,7484995549156;25,5255611519258;15,1123887134549;2,68750188538149;76,6005663736681;43,5287089893746;78,6480124075918;63,7475885032105;40,5820728203358;13,5476527337009;10,5169798980726;69,8805540436516;37,7915102167705;23,2895293194247;4,122327520493;84,8787487080851;67,7648784124567;99,9766239306709;66,8736096408147;46,1271569908105;14,563305131937;21,4363659823392;75,2522197906393;55,706129779561;16,4463387978672;-0,430183975997295;2,55563789203575;57,6715315528667;55,0971356787232;60,4424873280566;35,0740206317811;13,6835420559086;19,4434482643818;67,0446150303425;72,5182535959192;90,0834397635562;-0,191776173085827
;72;12,6832140897136;73,5928328594804;6,46570876436323;39,9225075123576;57,1964885313283;14,5138023563851;28,4645048538324;50,36839943241;30,3399757401517;9,56494931025253;13,1211698528408;79,2033613961862;77,4054117934184;55,3144091992101;61,0939647550492;63,9308862827517;17,0332417844509;34,191544329118;59,0722958096958;28,7389838512535;-2,05807472982315;1,61198678812713;84,5795287398219;85,0432980695057;88,2773763643552;63,6578938908732;66,0204112857552;27,3353828210365;32,8011375998449;62,6559115127092;24,9834798686834;2,33184379299547;1,71033439791819;87,3783236133997;90,3486058773368;99,7652467601011;63,3634779704743;60,2663187819312;25,2838728450884;29,1380903905451;71,2882838257722;25,3053902304024;1,24319709213262;1,05423660359349;82,6713534686199;85,0820238671888;74,626188911672;64,9804090758396;45,7777209004535;21,1422662994536;28,735122429661;69,0737338494718;27,8870965816893;12,5591419693714;2,74026017590546;77,7828805984955;46,6323046574564;80,5465585186241;67,8933429763671;49,209705059288;16,9818909663544;15,4385505417325;73,3759706714201;46,1314440781812;25,8392105323492;3,81688597377155;86,3103777788226;68,2654669968431;107,965741378203;69,1998184132265;48,3021757626422;17,8106505020809;25,7537765583066;77,4302894568224;59,7918290348425;17,528972618259;-0,604416251256623;3,1301117113656;57,6906583152987;55,03593362494;63,5312203432935;37,975097095426;17,8348490285715;23,945933753893;69,496196992672;74,1464599100481;95,0092984548403;0,229417968339931
;72,5;12,5010152676596;74,0105394682541;6,44638735809207;45,7461099647256;60,0488026247635;15,690905470515;31,3556741772775;53,7575301254655;33,5481126906936;8,21950160831932;12,5897554885522;80,8650623194654;79,4474282637848;55,615419248802;64,8862102662027;67,2080931692498;20,4235447750204;39,8474565108365;62,8471362960518;30,7471680255529;3,21823830566325;0,902063011044106;86,9468207099516;87,4305312397839;89,9375359800425;69,2605040161096;68,0656522358604;29,2300529336018;38,238901992805;67,1133757344713;26,3765209226456;-0,622910296535906;1,88048057276774;91,230700170514;93,0588144749468;101,549654609364;70,3521037289408;62,9086886036901;26,1809632128175;33,3930552020473;65,5850195883157;27,1150199518198;-0,767372368184169;1,33632934475924;85,5128443202871;87,8305117998055;76,5281759331493;71,2821256560327;48,7905004686186;24,2863259852534;31,6699066425674;72,3455896734635;30,480600115262;9,44420437481199;3,0031211945676;80,8717737939637;56,5632229559761;82,9142910750359;75,5645143338635;54,4048770910294;18,8845313220814;20,2646381632428;77,4485784307918;53,0396499870827;28,4397807086647;3,71821868075693;88,2077460658593;68,9816791915458;119,267212624127;76,2721243188496;50,4580672961182;20,5635138080868;29,6096608041755;80,9279785943461;62,0668582345519;19,6399270131494;-1,0135392936391;2,97713134100218;57,7466082142525;55,560983397898;69,5743741399959;40,9008597748049;20,6756795423322;27,6538265573884;72,9145240982762;75,3496763658579;106,197181934582;0,709276024767632
;73;11,8981427985852;73,8185229851822;6,53822332555768;52,8069831848501;61,9571815365201;16,5200563207911;33,3887285718363;56,0634938580977;35,138675095321;7,88463667844985;12,2573093472208;81,6071378467466;81,8223306664158;56,1881009915306;72,461580893868;70,290964415623;23,2143997818479;43,8288931763974;63,4468242738209;33,1349699161693;9,57103589979158;0,134976262709642;90,8746043796673;90,1290911106944;92,0224744346493;81,3365744977177;69,1377066512373;29,5109880082111;41,5042449447774;69,5290435270667;28,0183203233722;-3,65002752080142;1,28385284158747;95,4373217637781;96,1178188510152;102,736606628251;84,5605732899531;66,4200495644884;26,1899711575501;36,3251492794404;55,289372907754;28,0727375225845;-3,18643612173332;1,00475363639106;89,4054974638269;90,2147014740443;78,4059574137756;84,8780382616948;52,3747939696382;26,1982961337783;33,6676241007016;75,1734126204344;33,0809252077152;6,14025324305032;3,24686450114069;85,1909650186705;72,9101406351896;83,9490225832487;91,8654269406336;56,7037736462619;20,1168203739694;24,6979673081659;81,4081364010078;58,2513882571674;31,5585786117002;2,93030676599903;89,5234463280563;69,1527532248479;132,091984936335;93,7474509983264;52,7948282281104;22,8122644389902;32,4004200407539;84,9944961455064;63,4287074141405;21,7285769728099;-1,54409286153441;2,49562736406574;58,3509143756452;55,8383559454834;81,8761071122057;43,7489192858927;23,1893521328308;30,4879924824795;76,5719042445368;75,9601457074072;129,305016478629;1,89819019626185
;73,5;11,8257276470782;73,0285963316225;7,01139716945823;64,588862246242;64,5428162681615;16,8122768782014;34,2173543372292;58,5564237405431;36,4837134464624;8,05657675271874;11,2179166189423;82,9586582891242;84,5280419340992;56,3236359081126;89,5783510891414;73,8612217291046;25,3595859104756;46,3388814061326;64,0305617356843;34,3574317089962;15,1206516636244;-0,0957986515149969;96,3304674216705;91,9228251414893;93,7151504876574;107,354856638053;69,600526067883;29,7947209296131;44,0091729345914;70,9496528079728;29,296830374091;-6,68607541262503;1,19915542632924;99,8413033799549;98,4053665168632;102,727731831579;113,096601234852;70,5287803065128;25,9038733197215;37,6180979609975;45,7272124501113;28,6202972590218;-5,02665062058998;0,767766138135187;93,6619933843783;94,17023386723;79,7546829143255;112,92106163424;55,6363694174757;26,859146593641;35,0560284604193;78,8192791847229;35,9510891739927;3,19583980272262;3,31465239970919;90,0213118374108;89,7770925215204;83,8865373123552;125,760681683942;59,1590797031644;21,3918503374088;28,5413502446278;86,2838043816375;62,3682015102104;33,7489993097354;2,21459212307138;91,9466904868393;69,253963940712;142,745648972564;128,987735052405;54,1375511275486;24,6137511364284;34,3565602218556;90,4302356642864;64,444915332838;25,1961478183257;-1,92246543836654;2,92204165173985;59,5619245925362;55,6050107036589;107,181796599857;46,7794820852853;25,7338369569063;33,0159312668191;81,4496912480327;76,5196026493992;161,757736982983;2,8842316696269
;74;12,1522058418083;72,6739269843888;7,34315188929349;85,5177596642533;66,3497256411457;17,9118690064868;34,4929253151171;60,7465088383464;37,3382360448298;9,12581182770356;10,3932310425033;85,954745916616;87,1056706785153;56,3481195335747;122,102894704901;78,9953529428832;27,1598796789648;47,2801052839087;63,9374635129731;34,1591938666415;19,7788451870377;-0,222794148209914;103,932224211469;93,7680144147841;95,4217296948819;152,48048411715;71,8074081171583;30,1727785685191;45,8919120498205;72,034975887164;30,463008294196;-8,54745850349644;1,96500497782557;105,220254306373;100,137751623683;102,81140274741;161,543429942904;74,9996336764306;25,1108095391645;37,7920023142957;36,2326563414354;29,3540599941261;-4,97360166480746;1,0343887770826;100,944675944944;100,812688607966;80,6719209626622;160,032278361247;59,0699861077352;27,5953683334261;35,9807546614722;84,3595828170526;38,6206153764406;0,0831940900696964;3,53927798511319;97,0021910384324;104,927155013476;84,6158034594847;180,047451708356;61,5886763622743;22,6545269978045;31,5604349507867;92,3315201114768;64,7784363258945;34,7667965653214;2,36832580262598;97,5534894067461;69,9188352569118;152,680665804896;185,239682497866;56,1996069054882;26,3722578875582;35,8727120110121;98,7632246790994;64,9526436590712;30,7305742906635;-2,47925585755542;3,67368556456842;61,5973506208404;56,2158013058468;151,908955780005;49,7168940645695;27,7909489762134;35,4691550944302;88,2561666001087;76,5271066788066;195,020708417689;2,85654774517724
;74,5;12,2188533712375;72,569898908231;7,7581049089506;116,660268765926;68,1426702356148;19,6664579264557;35,1936705075087;61,9766754340972;36,9612222907379;11,0315426735604;10,3173979994137;90,4107733696886;88,788817067502;57,0020302514739;169,114238450878;85,7989780274849;28,4663926194245;47,1875597395147;62,855280115345;34,2401455127654;17,8960477012075;-1,11451939336916;114,504807861473;96,3242242044081;97,7743343055522;213,049490561101;76,0647426608822;30,2839254735708;46,8696138485157;72,6287235125296;32,4918474013834;-8,5916524912929;2,18930350332442;113,487398615009;101,844611048974;103,295208741672;226,268806904004;80,5511121175805;24,6728662347952;38,1697901993516;28,0193827463958;30,4208517758143;-2,55981538614799;1,03201896645749;111,934047949433;109,76761570176;81,5566541429953;223,375256210438;63,1614104839347;28,0537304554243;36,4733731989849;90,5671944784053;40,5256430024912;-2,8973080379933;3,77758853019958;106,963021435662;115,133687482509;85,0346887707881;247,519693893986;64,7865771075158;23,4065315389884;33,5178222100861;98,853552359461;65,8128900213493;34,9136173340082;2,33827208618158;105,980294835508;70,1369113557463;161,692152472091;255,835345896601;58,0578638881137;28,1883574824202;37,0147493087878;106,995637630662;64,8981585045685;36,2919784229415;-3,24916470730562;3,42510332477769;66,5767968201277;57,0356430307438;213,421852295573;52,8433376989036;29,7432205823364;37,165780713341;95,5895756590294;76,6442005983633;221,927644984337;3,22766431156214
;75;12,2091955041197;73,1295067465805;8,29652792583653;153,632623233961;71,5451556956323;21,2381366389025;36,2558885899093;63,966545676248;36,6635378702288;12,3386292803945;9,65856687054441;98,2039621310611;91,1172107473608;58,9388640234758;222,599353395532;93,1021993598165;29,0375295446727;47,1130902559261;64,134082848041;33,8239974712297;9,84691236014049;-1,57012491067883;130,37562216287;99,2213062843599;100,827127581356;278,755295665858;83,2923830580444;30,4033226145692;47,7858018923234;73,7731480643187;35,3115229988623;-5,54700056272446;1,85714529288992;126,470201949169;102,984688132316;105,007642493303;296,962709425692;87,7083293867065;25,5728801656574;38,4966176911623;32,1038950913113;32,7221389079577;3,00845972240108;0,904769565602805;127,580329028958;120,899429057814;82,9433712421708;293,148987782172;67,5841352403744;28,3673903549233;33,0017306128556;98,0913489923335;42,3334358522404;-4,02364037961775;3,4119325832196;120,736758642741;110,942135983842;84,8817689519537;317,233534628113;68,6482179793925;24,4368758399759;34,904947385601;106,779184754845;66,5610838417554;34,8260467565884;2,15308650490795;118,416940627083;70,5632832349894;164,0485041265;328,069425910304;58,1736159207071;29,5665224572941;36,4112217655043;114,386507552976;64,8990866140865;41,9941507665194;-3,37307752454404;3,22093671033127;75,000289110068;56,9509127286238;283,080813393129;56,5249163400928;32,1278423706482;38,6411106962777;103,024491799367;77,8083418635914;232,241930531469;3,55754385782842
;75,5;12,2282242393042;76,0435107649952;8,53296047168897;191,648106207339;77,072314109816;23,0386647344512;37,3494072257885;66,8956933501942;37,1707395827871;11,7764484320286;9,22673451064418;115,436927909541;96,2203212682165;62,3863846993034;272,321143516826;103,252115129315;29,5428299721806;47,0574717680732;67,6658576234164;32,4657336614556;1,40860069960246;-1,21173622640157;157,529611991277;105,294698635992;106,794406582781;334,948047919834;98,7775300211756;31,2689063393127;49,145150826267;75,2796950985004;38,5536368697864;0,911832767896499;1,97145686854816;150,33434321325;106,495004514813;110,575911201919;358,243835829749;99,3871157913493;27,5496357087989;38,7668974313655;46,1041495123956;36,4113688381431;13,4363963676726;1,21800850475233;154,817899230261;134,797424112931;85,0330782902267;352,585006723503;72,1955320174457;29,4583875766654;26,6408579902426;108,737743185857;44,1312874217945;-1,17931999652546;2,86658107130751;144,695749820812;94,2071505740193;86,9800958706974;372,400802123707;73,613950768765;26,1366831285337;35,8718090154202;116,626435107667;67,6804659219886;35,1058330465892;3,02564674485603;140,295342627152;73,5410613747921;162,963916793;384,060134245193;59,0228332343107;30,3813786287205;34,0776227133388;122,801960948991;65,0568051757022;49,8857617043561;-3,17533499472808;3,61004815999519;85,9655278949568;56,9405753875005;346,985513941086;60,6493189990229;34,5722624569021;40,3071015976712;111,818568227305;79,8385606866522;214,91359624697;3,31341472415579
;76;11,9655913518172;83,6541767112152;8,32835965344316;227,466496515744;87,9719352905959;24,556732067592;38,9163586749083;69,1369213605176;37,358123772055;9,77892106875271;9,22527338251336;148,863131139094;106,894504517207;68,9787931913484;307,104369803844;118,663378776843;30,1786676862482;47,3932157890612;70,3375382639852;31,5399065331771;-6,49565808548203;-1,27688741672307;202,907280414413;121,321258407327;121,52492462706;362,696507360019;126,352022868006;32,2423857614715;50,3686747776848;76,254299018292;42,3204612306257;11,7214003395793;1,98459509783697;192,566318306681;118,635065477062;124,823898432709;389,301707881471;120,085160234451;29,4816534877307;39,2015442173339;59,7781022081298;40,2244661856161;30,4882443565065;1,69494225019179;198,153044466001;148,78026477772;89,0191477823181;381,859255678668;78,2296747827917;31,5452459875959;21,2245607399474;121,852135714575;45,4215057665685;7,95781468676125;2,99309328493541;183,266077440898;75,7510909829767;92,8731755036719;391,629657466586;79,8486779261929;27,6593486949807;36,959359330965;129,435941591018;68,6727193258982;37,3701540109003;3,36162185177216;177,303116562201;80,8956853450376;164,431245174291;403,232041435601;62,2146255992627;31,0518209386511;31,8846293071573;133,794244023;65,6692716673924;62,3588296034865;-2,33372023872221;3,35282677973953;99,8527948466029;57,7983534004991;383,946945446123;65,4022733205568;36,2925323894646;41,0879429890078;123,966127987254;83,4780570521361;173,330475557131;3,53037460277193
;76,5;11,0812267667168;100,390757401712;8,43016352250686;250,123516763195;106,689445499501;24,8009176723445;40,7753821322958;71,9881103838846;37,2923944193474;7,45610568303005;9,42654343894014;199,908380680197;129,44246705699;83,6459836067586;312,470363546997;136,214435830738;30,2312502692115;48,1288784813107;73,7947267822781;30,9363938937398;-13,7607452735037;-1,13736893687371;267,673554101297;159,039414852889;153,928367466053;349,555828411043;166,651854371348;32,8980055572193;50,9672004270793;77,5864160250355;45,8988823691046;31,5207092342817;1,19375880284457;253,987528521011;148,909104280365;157,805274319673;376,691165866734;151,865978188524;31,6127615097427;39,5507678926012;74,540870140061;44,3492954014936;57,5065020044198;1,81277288675699;250,493390037458;161,286390064371;99,7864965722822;369,252875365603;86,290354080713;34,0217822166812;16,8365919990548;140,836266321013;46,7400868296131;28,1837222389705;2,75465765484523;230,2211854523;57,9748668824827;104,577348915207;366,5176361403;86,9355373223659;29,0299114954403;38,2846115413371;149,294533438547;70,8396960862004;46,8410456513492;3,00862731400724;228,467573552502;102,676266364172;164,171405540393;376,058644887212;67,1239782643019;32,262357725047;29,7429494393871;148,397687682331;67,8893488850293;87,1480841491458;-0,393440054682003;2,25841635559323;121,381287439676;58,3035810074298;378,899422523313;72,6631915783605;37,9550826760211;41,8850442173474;141,24147756143;89,4951022907433;123,023689327358;4,38242730310407
;77;10,2729072265699;139,670808259813;8,45687312075836;250,938074770883;133,440471484097;24,9266154755471;41,6614532918383;77,2413210524348;38,2983237115652;5,0534206201533;9,16102977177246;263,432211147529;175,447890619368;110,445366521475;284,146533400946;155,173087470725;30,2095084470333;48,9123180101051;78,4585235419697;30,5741785954863;-4,62700761290876;-0,157611093282185;345,172856991511;227,219591279031;209,198193890957;299,333364261359;227,132162980378;33,7990031015446;51,2588316945109;80,922856100146;49,1581646862103;63,2824955427145;0,653506933115125;328,562365268446;214,051772751658;215,981572187775;324,976934365572;199,209153113669;34,2410555603095;39,602757034461;91,2927952335393;47,86800175882;96,426699992025;1,62541646916475;301,842235175659;173,423843610095;116,635614659848;318,039498270606;96,2379996998129;37,0432193176051;13,5719957919032;170,945452450321;49,6649912989046;65,6240635667234;2,0316339318797;275,893964578577;42,3921192562734;121,810402625969;306,365992590632;95,6401833495701;32,4317602420979;40,1044732804787;179,874941873335;75,6186163491075;69,1969178847198;2,94553522888515;285,316659651855;146,344034972999;160,976111815999;312,332183742466;77,1161256645688;34,033194140647;27,9890040811223;172,355610641093;73,0306436876474;131,478369145034;2,16339461994784;1,96778044780723;146,009560479821;59,3842856041344;334,604701032506;82,516440723904;40,1861666454977;43,7446960441771;167,280515464711;97,7573771701238;74,781036886172;5,09629816856227
;77,5;9,43716761584051;205,327936144718;8,68789278867541;235,238531356249;168,818042309244;25,0348655568058;42,5662356223222;86,4078490379706;39,2926500244259;3,44922690533417;8,82715200897701;328,000665910603;235,856668868852;141,098994417721;235,628956539291;177,192575901372;30,4102407744507;49,6525855626577;84,6148824492784;31,22365783339;23,1235790753992;0,491463329183489;420,215008490072;308,311135117229;275,437522469674;226,849549125443;308,654656150235;35,29738040174;51,7301816125713;88,2898465617486;51,8103769227024;101,567578035238;1,22245932040755;402,934796712621;304,148165386309;286,169966617874;248,784662428001;268,954873896925;35,9296135070168;40,1295282937086;107,20330480723;50,0684678274208;142,142795083886;1,0171422416613;341,57143537607;187,28949881108;133,47116683605;242,489716485363;107,921529346849;42,0282471302888;19,2004449856378;219,746351096091;54,0860027811399;118,836213457366;1,4637063920469;314,411603974808;33,9330563804347;140,185868598056;226,490908114746;105,778130402419;37,3145027595277;42,7927922691512;229,611971667853;81,5519785872867;105,347503874443;2,59911648119316;337,835898998001;197,221134826513;157,832569358396;229,126150469346;95,1586850430289;36,9443334937797;29,7468297337298;211,809782169333;80,3472967928637;193,61619997178;4,88263182187211;2,22934034095533;163,724845451452;61,8953874748419;262,811301147562;95,1308278004898;42,9687287033737;45,7807364327991;211,083476131653;107,126397095722;36,1894436447341;6,27383456402094
;78;8,80634342542953;278,532523378374;9,39676244395298;208,935420076745;209,453873268099;25,2430668637797;44,1233731448557;105,303200312884;40,1467664226046;3,0338141424071;8,53712684472924;377,126409166398;289,495032103778;166,724817978675;179,710682727728;196,243343641601;31,3612579778777;50,7729963829139;98,4483784577949;32,5217959623569;54,4608325414604;0,601434637090563;471,360612206819;378,821464784406;334,271076318847;150,465658636852;394,033480798234;36,9163713619192;52,5360286434384;106,184879044895;54,2553577658574;139,080878432528;1,58481346446302;455,94042972196;389,808228285275;349,784549214509;166,665637054839;353,922857113319;36,8211825870425;41,3825788947704;128,683850373889;52,0741683408628;184,807124361522;0,348304927075787;352,907186736897;203,567683260217;148,709621022031;162,026249293469;120,278939228387;48,6652590562888;32,7250351515657;295,185776794633;60,1197861311767;180,119512590101;1,38398040103937;332,101290949945;31,70000407102;155,70701979511;145,856625469626;116,090074884412;42,5918042634122;45,9528902805159;305,392429205338;87,9613271932295;152,846950607705;1,53591232370371;372,644897501896;241,272936862227;153,078699591737;146,093309947608;116,120127937372;41,3379761465044;33,8911300156207;266,47301781449;90,3644089128468;264,303249627105;7,78795308001742;2,02784366472525;173,147955940566;64,4240739873928;180,739977638886;111,867265690385;46,6430876893933;47,4830936072532;277,441387976281;119,223141649131;13,7629052321932;7,4250542861451
;78,5;8,59931650363268;341,612659118056;10,2324990270678;168,374605118849;246,725985177309;27,0381936852277;45,631008776159;144,372898938883;42,7152969367006;3,57204726377483;8,03989472253085;392,084797304278;327,765397275633;184,708144806397;121,642084589651;207,40259119762;32,8512710096443;52,0167910506201;129,705158992843;34,3828491953409;85,5873129844472;0,809887465892643;479,118317124796;426,238731302905;372,913306917431;86,1850699430289;463,481353314353;39,4921690243534;53,7812214253811;144,924636481244;57,1621583278248;169,457009322988;1,69724418127362;467,542431526371;454,913281416954;393,557891557836;97,1240019708709;435,03958707635;38,478375096399;43,959013346568;171,365673618805;54,9025398101396;215,083095987179;-0,186920660080489;325,489746311864;219,846437262024;159,233840165941;93,8508559891278;132,07052881496;54,7544764567739;45,6125127926608;390,879474910146;68,9180063853773;237,28367773238;1,48644035889299;317,446095072004;30,6931903758168;163,952143971212;81,0619156871707;126,515635924817;48,5973838247343;49,5604492913408;397,952735321901;96,9854316957529;206,325262945078;1,23062652338899;373,427201639266;273,643028295091;144,398119124419;80,2309472134277;137,012243076258;46,7104453555298;37,0278799118136;330,223995919325;105,009525629896;327,576101735142;9,5537301511759;2,06132915865533;173,708724280857;66,5441553781152;107,78213331183;130,507909333901;51,6399499827196;49,7453808405031;357,87114386135;136,998125164308;5,6818433888298;7,77195442115072
;79;8,56549283557661;382,480425097311;10,4887972651651;120,370494006901;274,660628043587;30,4235924383602;48,6047708506061;213,187534137406;48,3240505543453;3,67076716387976;6,91277666355228;365,028279789748;339,12029045841;183,942881200304;72,9421221131956;213,164203653457;35,9998079277804;55,0950992040024;190,400505673153;38,389714736655;112,06752727389;0,771377536387604;436,343627701146;426,185081500476;371,810972095421;42,3958495634412;504,711593942249;44,0780872548926;57,5854345183089;216,561207115999;61,5556256725939;181,083514687129;2,34267307055836;430,858072536923;479,80963501372;395,575180849856;49,8003481070815;497,007425393662;41,2809437139598;47,8277981975318;248,681207846906;60,3133918872157;222,018711257891;-0,91792899747503;268,07759544571;234,496636477326;155,206085078358;46,4326659326597;143,570072586895;61,3501132593703;58,5372171614197;487,881047316649;82,35942826691;274,763953023163;1,68905343576432;278,335861629889;29,8729767100225;158,693674441453;38,7401204109472;138,170733172103;55,2231327872295;54,1494293369816;488,559991249482;112,85861671229;250,881034679131;1,70477118240092;337,068228006462;273,282128577529;135,185899599814;38,1393440146556;158,586926662227;52,7824492041327;40,276882551575;394,828823249252;130,322075716695;361,776839649363;9,9876095718206;2,33804231739214;155,26211145047;68,5443979783897;56,3006100529022;148,23101399882;57,7902612975907;52,1586756924283;441,48326622832;173,01259604376;4,25635770510127;7,89819875892681
;79,5;8,31304947954396;375,091771720718;10,5908150004497;81,1066674568114;289,014668591809;34,875587959378;58,7530088980069;308,770308844604;61,1743244126245;3,42088853083192;6,4098774516745;305,227430980235;300,03834434331;155,081263404944;42,0264057325639;213,869592033581;42,8008774760097;66,3882804609498;285,805477862006;46,7840282721249;122,027103680605;0,487189000407454;353,23944575592;359,213461162392;318,765095459647;18,7102274972074;498,400206741493;53,0545003421011;69,7715161540671;321,67804126378;73,4097294496472;167,535480687352;2,4660887134952;353,696955421355;430,301447442111;341,87621836254;22,9626997515757;522,37951967445;46,1686670338362;55,1783507051775;361,202192730655;78,1139608015131;199,682261069578;-1,13750494750616;198,47541174603;243,154825440321;139,094545777813;20,1780530080831;153,801213026792;75,1392217909084;73,0290912239537;567,090182958314;106,992516841771;279,428692834018;2,03325514604569;229,65898078751;29,1224798997238;142,843095491559;16,4994413681426;149,510364918886;67,177846653884;60,1128267732792;558,359258649646;141,689882775292;272,208757887871;2,17835767241513;277,216534376966;226,87039710366;126,8858869976;16,4365604890643;180,601535373562;61,5099837189023;44,2107794871285;445,331049462677;178,881614674068;353,19554786093;10,3043129804876;2,06752251012824;120,944463386551;70,2595966639361;25,9387625374245;166,163109536135;67,480212976649;55,0207808507918;511,583412452658;233,830644277855;4,61960744587009;7,76210269492458
;80;8,22324296531059;310,802691759456;10,8324601249946;52,249507452036;283,897498047401;46,3506873805566;86,6928403547998;410,900780246149;91,4365627599598;2,93151945354259;6,86911865568487;230,763780777125;223,508220978218;112,51070838879;22,9138305237349;210,933495902274;59,45509321787;98,7896989872077;400,668521051093;68,0333353164796;110,871688336032;0,579740490972995;252,392791114296;258,142830159429;236,3526219383;9,09389733378652;436,551610564112;75,621619809698;102,085843187509;439,662809692032;103,96476905066;135,78009152009;1,71188729216362;256,271830798366;325,798655128288;255,899202263306;11,2709513485861;493,080697310134;60,4980472881387;77,3366555053771;487,220659372921;120,965398775097;156,910301375333;-0,937865284011707;130,867975510957;238,3315070853;121,658009677813;9,13117272140664;160,611874917897;100,161536690113;89,6952947969542;602,530317613917;139,921199480804;249,92995438544;2,90816009482376;177,127371501738;27,8560879878572;125,120727749322;7,5508065162274;158,995092668506;90,2230780960959;71,4928518647355;580,87097852379;180,116290380364;265,129942938938;2,97588144904188;207,989523087754;161,842020009874;119,066559536169;8,23129967580604;197,923733550146;79,9449043147359;52,6591573001813;462,262769228107;246,282229307795;304,295032282323;9,65277919519923;1,48933355835027;88,3695349647663;71,4884037872405;11,3273982841461;183,063499281568;88,5724823653704;64,3091930320786;540,265365021494;304,400744726946;5,45915938818519;6,73196214650977
;80,5;8,19355706548771;223,023421249698;10,6071002019812;30,9597188813461;261,279170138818;68,3855915211105;141,223908636123;496,125190194278;140,323584528233;2,34115444231207;6,88778873546471;158,186871919699;147,264284037726;73,1064977934447;10,928918143276;208,355861560605;89,319151067221;160,83676835908;508,169770307112;109,023194046791;88,3452069654609;0,533722808108791;157,229240053302;163,348392020543;153,545807465341;5,70758679431259;339,617250758443;112,512362286365;162,181447704984;543,111075527557;154,660899011535;96,6410809502773;1,35970588952193;162,702990111039;218,352915024178;168,411914204869;7,772105043664;412,892696607396;91,9147419521279;123,756420151016;598,872408518611;188,859663700932;108,596995635043;-0,888477738404902;76,6023180917909;217,269786946865;105,806034129014;5,58115774953046;164,969333691932;136,5499387572;112,573217154412;571,977370898323;173,072585588505;195,976772531592;3,6781319313713;129,112023442358;25,3439410021118;108,947925436371;4,13196180369715;166,524649527673;124,214063073341;93,9562086773941;539,145393408967;219,31612569851;231,724314792218;3,65404828503341;140,581089091998;102,017908825737;111,907494095917;5,56039443227803;210,597123067502;111,070109703642;77,3886370022204;439,500637826658;313,752847050277;229,349589830747;8,56328169043917;1,19750707552612;61,6835111722767;72,3656322215825;6,24406794943553;193,869948548304;122,445998448026;90,9584792041387;513,468095308078;368,125236297766;5,51476618507428;5,82424850923621
;81;7,70694264337271;139,02927762798;10,5665500188135;20,3060631839361;229,742093711576;93,0409156160414;215,419905010437;540,780128831883;196,842251642651;1,95464539490331;6,6446393396098;101,123763400031;80,973721092999;38,7765678647222;5,85924677031528;205,816247911655;123,688049390553;243,656841938331;582,69155957243;163,925772325453;62,0203288769091;0,214311752526839;83,8865596037317;82,6620332092271;81,3842712512875;4,27427934344797;235,803385536813;151,4798706797;242,450902796678;604,704946487694;216,306512802759;58,2829444608907;1,08250024888918;89,4752886003804;123,416663722241;91,7556237856206;6,42011924667042;306,624404348803;132,718524750189;191,309342053506;666,935084982557;270,466849869776;64,7927361365786;-1,11582504234201;42,5955261803187;185,605986675382;98,0922111873601;4,64240433074463;167,990229942781;179,074665598524;143,432513141632;484,845854558612;203,729857105888;133,819267742052;3,89796395904;94,7577869479865;22,7275086868946;103,07094335093;3,11229043475203;171,894232410343;161,701799300164;123,987172876714;446,325397222834;254,988348654996;179,391712336091;3,61844738637683;86,4369648906343;49,6488676392102;109,031403875408;4,16888551225065;221,046137487668;146,820774013804;122,82787889035;382,97263868578;370,11726182551;149,342226732969;8,19672379905057;0,986030705902806;40,0396521513422;77,1457252716711;5,25205287049323;199,390268190933;160,192989394496;138,00114244395;440,659843899404;415,047025860974;4,85864464359616;5,45475280812423
;81,5;7,38879513840362;67,4816492321285;11,0533029981149;19,5090969799168;195,054504403477;114,695632596805;291,488567053679;520,381631313586;250,060194252393;2,15150559760116;6,89114663270766;65,6050948922666;29,6409022447361;14,7856532614613;4,30060250826085;204,678520401419;154,547720758135;328,408337644167;594,793154773632;221,568565179344;38,3217659352473;-0,210206608322324;38,3318657114196;27,5291183038797;31,1001617245591;4,0328356043978;143,108847950081;185,727531976071;325,79970643471;595,618253948169;277,26165266888;29,2898909925401;0,559062627138587;42,6719929197492;50,7120512869722;37,5663612799099;5,75138713718115;199,330823835472;171,228109843319;266,775788948561;660,327951448865;349,74240480565;32,0132031998749;-1,20779787895327;25,8870350421575;145,514049951791;104,07679626087;4,69734894019348;167,765867265085;217,853759165412;176,515814476675;366,23241739977;225,387414947;78,5696014538;4,17904772702332;71,9641216928031;20,327691047503;111,799517686421;3,26919957770423;173,558380586697;195,250743107229;156,2177951186;327,097425558996;276,989795046056;122,573785932876;3,25900707760582;50,9607393950351;15,1751324163733;110,465079170716;4,05466185755137;229,099266217751;178,722781000872;177,961920276762;301,671289725906;400,208440659564;83,2984296245746;7,77213378834097;0,500477314254567;27,793504742473;88,3565424778971;4,70618047925359;201,833265061534;194,867848063603;195,27121094954;335,24461799986;419,07389818077;3,8413708773067;4,64151535652616
;82;7,45930173554007;21,7900853000918;10,8793334488126;19,6791832947001;162,240581976031;132,517473594838;352,732990543749;437,159758049132;286,172612621716;2,60306481996764;6,92449161461457;45,3062506513745;5,0597501065028;6,08939531424767;3,52980992845158;205,371962897319;177,602903145107;395,547277703711;531,143423322228;270,094892976589;20,2532046939953;-0,777877510792621;16,2617112547682;7,98094950511091;8,99987872774443;3,86561888139079;74,8309786157519;208,956588062527;392,05019595274;511,731608482661;320,676147789767;13,3514990417917;0,729594852307457;19,216259135237;16,4034170322284;13,1177612384958;5,94343802782856;109,687684361354;203,105766128566;334,638858250058;572,995482448255;402,91329150426;14,6884587284264;-1,44939949469421;17,692987350197;103,581107396417;114,54516219237;4,72574256354687;163,795202401205;239,281960719633;207,035997129664;240,962285829219;223,744108433187;39,0272626657154;4,45589007593571;55,127390076178;17,5355199993846;124,051617323777;2,7290499314193;170,520193052853;212,495041682468;187,941524270415;207,241455778511;271,537627991598;73,7595200464989;3,06005354156304;29,5677528953712;5,21646397635078;112,121505068676;3,98775929378934;230,669749821289;201,394589356971;232,030450351182;214,067111916373;377,725211818354;39,7312764042802;6,31051264886167;0,527876527979174;24,9322548637435;99,3321773366593;4,26496967176092;199,092864928372;218,812496698539;251,616209197997;220,706639773644;367,118792854839;2,98635960969301;4,09198407628503
;82,5;7,3113531318769;5,89757913883687;9,65244417080879;18,0940435471741;136,073025121499;135,617625263397;375,696025637438;323,983062317142;285,378641085044;2,88180195917789;6,19483223655209;31,4744980704825;2,20515574442629;6,04246697047154;3,05754455666806;200,916586951514;179,763367217878;419,41861676209;416,138115830788;289,917809302866;9,29811531454732;-1,66785615413863;8,17623958407546;7,81463308833287;4,21106562503508;3,45492416152536;36,6637995050149;203,028809970558;414,601072765354;385,244045198179;324,538950233901;6,40301449091982;1,30482452642042;10,6512856078777;11,3003281752908;7,46827757368146;5,9245157993476;49,2719164185675;215,185691348953;370,769713903178;438,623768766502;404,257107895494;8,74596864774026;-1,31987787922537;12,3578623738185;69,1926832142901;121,222021041764;4,11007876300386;160,325404979366;231,269817333491;224,313964537892;135,256910221558;206,529402105224;17,4456499259037;4,06912746149544;42,8388552145379;15,6643989187694;132,964595920579;2,23541740010336;166,340750569229;201,762032451593;208,3720404613;111,741436610432;251,92346366;38,8165596442641;2,97574861884885;16,9285946852515;6,27577097054905;112,573847373451;3,43484780911871;223,95779842959;200,965489606768;272,216781415782;140,481622337513;314,458418529665;17,545334254754;5,27743824245243;1,25020430941123;23,3573788535621;106,069687285477;4,62305266938034;189,268133670443;215,814840763433;294,041793231618;126,40701451273;295,530148965498;2,36434169584936;4,51786963252437
;83;6,86755348436697;3,85163565897216;8,34650886193668;15,7106992204784;115,316461206187;116,538682128646;342,471723772918;210,175806897238;244,715931225344;3,25023979224466;5,60620332243445;21,5706021160186;2,96871260494089;5,88812019955986;2,28582624928225;189,492592837861;153,169988788494;381,05895026442;286,764642899894;268,405130153477;5,09338580859651;-2,13712823589674;5,89520005387078;8,01096496697085;3,86308115524139;3,58470975614364;20,4984548837177;166,70033229413;378,00972654436;252,661889051055;284,474399434013;4,45851448374452;1,63225978306718;8,07594116628286;10,2744384037678;5,96592300426408;5,53956347360855;18,6891841225788;191,981769192782;354,713458759251;296,263827764108;351,355970155377;6,64376845945691;-0,89956344421455;9,00480627010467;44,1776690336265;123,592830171868;3,30928656515209;161,739052946915;192,704956150408;222,286266195436;65,1850422638188;200,388411002304;9,19899178038389;3,06118176954885;34,3810317825217;14,9004280731659;138,266277375731;2,72969845453832;165,899135004387;165,110099345839;208,12027799652;51,1648583693108;250,219552319949;18,6589574702321;3,25917661097964;10,4048435508718;6,73702639117204;109,454920275651;3,35075974642166;213,723133730801;170,417322758866;278,327316673429;86,778317153311;249,831205115226;10,2083766450448;4,05399130025978;1,74132947292878;19,7165394930024;110,281093813483;4,7377374149554;175,897730192432;181,87384690462;300,456542389015;62,3714405220138;230,83099383874;1,59223120657509;4,64138394838648
;83,5;6,76332595696533;3,49218487623659;6,65169515750495;12,505802346372;95,8658707879142;88,1494658129168;267,748936079571;114,941164007419;182,725752658124;2,94918887385279;5,54398572024769;14,3253570362174;2,98673905877217;5,07385336736348;2,17399579659508;174,971551228393;114,038368468332;296,423903483651;169,46709308017;215,801478099022;4,3717179774502;-1,86006063161597;5,0145464452699;6,96866259669696;4,31983645010877;3,75292326405037;14,3685189673787;121,962221080122;297,282707026771;139,092726309365;217,468022867285;5,26511324820075;2,08280718970951;6,6439367689797;8,2654173160247;4,68396413593291;5,45786978277289;8,14824236581728;147,13899484479;291,527607792673;171,923270167793;265,280911986821;5,3868695486035;-0,704087693832946;7,07029688473068;26,5890759471645;111,839529871579;3,00214524866772;164,357474467315;139,516984918018;210,343517169021;27,1618121965018;208,528771595716;7,31212709787297;2,29076227970745;27,6422091784038;13,8174421044911;127,366663529731;3,26049335261575;167,680212881012;117,737761246838;196,1186521333;20,3039590251388;261,638210111095;8,99427051964108;3,70666564229145;7,47243212077825;6,78952222350603;96,7385715529459;3,65525584070912;200,172926982243;125,698002256849;244,487005944802;52,2015909208582;193,466084669337;8,74971837567017;2,39441008691108;1,63392943513486;15,4757735628442;103,901107341014;4,47543829270722;162,520056158669;134,208383970739;264,779164632414;25,5443823370485;173,936680857661;1,35154829739804;4,30949478979352
;84;6,86993526534093;3,13006669581898;4,27707377720543;9,34174392771655;77,0535261192458;61,3007852485871;182,057205199241;53,7122521817182;117,444606065848;2,43185238404845;5,60998612353711;7,83715812440244;3,19726411946039;4,66224139426839;2,81423751701141;153,584399847356;76,3268363355361;200,190654082516;83,4028752879472;150,995158871722;3,84752108044853;-1,58249474021295;4,49443995402373;5,26632957094517;4,32521342215415;3,18791762248105;11,0469849732085;79,8600915819262;202,287190326481;61,9603037902727;143,460417897166;5,67758139175709;2,76017448038533;5,59598860962677;5,97265949364851;4,02990100600709;5,4372212458801;5,80539817365622;101,750333764721;207,377084562597;84,5790833531709;172,218253371834;5,18711929811138;-0,35279953754781;5,56933266238246;16,265440806839;84,7911519320179;2,89414805478481;169,828415258438;88,5332424970387;193,696350778295;10,762244493752;220,343070726196;7,33298562533656;1,89408161372211;22,3170700861911;12,4609537732105;98,0528135476932;3,17326115204588;173,6682696064;73,1664406831022;179,776848819333;9,23396487020926;271,868970703003;4,96883838271748;4,08119753226561;6,22994443029353;6,59884609912569;75,0162727079232;3,16311807663698;177,165560692722;82,8594616632122;189,488767628802;34,1554818109691;147,794940655834;7,82284583291062;1,84708005897852;1,87163218969414;12,2796074802491;81,8623876172333;4,18151343496021;146,556399200942;87,3013474564315;207,295496642735;10,6742563732035;136,496536347599;1,51287572195804;4,80652673612138
;84,5;6,68329457808346;2,52811647516529;2,7888003533908;7,19122421057057;58,7863169200522;36,9631971277698;103,666433415402;25,7147143456562;61,0717118197804;2,44874793045682;5,4145724518159;4,20321570332783;4,05881159604024;4,16401352635557;2,87124386889104;124,047833298343;42,8543296036543;113,054524273796;36,2601991791972;88,6236203757107;2,55668225724173;-1,19607764355453;4,63292099362275;3,75454697139423;4,17372872085025;3,16880743578747;8,40004113157477;43,5946779348343;115,24711191725;23,5093708693917;78,2600757047252;4,99068298325426;2,77706031033495;5,42457556710099;4,42111291090032;3,91053869741268;5,15243889998447;5,0123752502256;60,1274315059569;125,47021578295;39,044022848903;92,4675580678024;4,89452591052066;-0,171857757633575;4,7619982950589;11,2945517370117;57,2413632690984;2,36637578368891;184,217895554887;46,6037956932233;172,305717863208;6,00265106300162;236,030166185673;7,34889002384529;1,16258192602783;17,7355104093463;11,2794852909305;67,5368464939904;3,43023172357118;189,674758360433;37,7438021016187;158,320993005084;6,86164842801048;286,233487914383;3,99888178566135;4,13480849225942;5,66705827727787;5,96329073526908;51,9377389368965;2,41552164894023;148,234288566914;46,3506430731119;131,569670367686;25,4846025018721;125,47557097027;6,81143419615091;1,88071711933304;2,08098726806787;9,30595798240603;56,7063929339542;3,94452573355403;126,242934700384;47,599285225363;146,738355762029;7,53838691273467;124,208735810295;1,64699804668396;5,1027793517074
;85;6,48200233891367;2,0991953595024;2,28745250242559;5,6900129010059;41,4749135880655;20,0315173431017;45,2310589605899;15,6228113904402;24,1935751933656;2,60742257166424;5,42166704894669;4,23670501445667;4,17494093685087;3,39235481154401;3,16880533668757;94,664099101563;19,9055062967414;47,1489643822646;17,6396715848803;41,1868558373259;2,76509644135547;-0,278229770723954;4,62651284642658;2,87449300226581;3,65255830008937;3,71587736426176;6,42752613205482;21,7539828505966;50,7591040392679;10,2624565771897;34,0556646340854;4,98376841078522;2,42897557627418;4,95291202423215;3,40463481286338;3,46765928455579;4,911300892013;4,74569034110516;28,7697133237103;59,8371737443561;20,9104793658315;39,0536647005215;4,03721424140105;-0,647489715582083;4,58727800161716;7,89610908396116;34,7019100374589;2,36081391709433;197,048239819912;20,9377669732935;154,04125195729;4,77224557546924;248,511255880513;6,68111290714927;0,828925766419559;13,6501781072649;9,33112731497823;41,2382982539854;3,48727405173133;205,891832636036;17,6221792493963;138,381367753064;5,90825626098643;291,776097809262;4,05645458789871;3,86760089622766;5,13147043282663;5,19840932718949;31,1761747557736;2,06391493111039;122,222818034049;21,6087972899526;80,0567924041604;19,8524570417392;117,536588820565;5,43950024423629;1,75924364553964;1,45253649846899;6,7485862781723;35,675452132605;3,38884024486794;105,960235390834;22,6208721884715;92,1976750626333;6,63353969568516;111,586653429543;1,59730376712207;4,28252333631957
;85,5;6,34470599647113;1,81822521984122;1,88564743168928;4,4121822449535;27,434558592051;14,2414294076917;14,9284222447465;12,4238365776039;8,24628008268201;2,55997753811192;5,43868528005612;4,55223872420112;3,73915959977472;3,08692178785714;3,85980929086918;68,9379058516669;11,0801108233367;13,7221789212786;11,7238706264192;14,9167759663003;3,44984046703161;0,310394603220061;4,08794338383791;2,03029528874174;2,88162888708229;3,6677797862842;5,62835595506016;15,2846517550585;16,793050982484;6,68513059505648;13,1902119434999;4,70550631936857;2,30904361331051;3,95899440211787;3,02619719039859;3,51606089417214;4,59785180756228;4,44602215954967;15,531550841646;21,0032415177052;13,8352367402733;13,6285588352208;3,79095085192392;-1,11555157535105;4,49524663222138;5,85273653544078;15,4055868748804;2,37172841825759;196,439481203088;12,4904280500903;140,945210535223;4,30853125818817;228,763217448429;5,85278741758225;1,36150017409233;10,5983843254148;7,23238047801192;17,7508765341711;3,10791675699596;210,554916175134;11,4159910121445;125,073969065892;5,55966400532049;251,770717792479;3,34696697084979;3,36797480292944;4,50811903376831;4,48820903699715;15,04987277849;1,83281124239676;96,3088429085748;13,023064816122;44,7889503768011;15,990830901615;98,5733983226088;4,13657356466337;2,39552252295113;0,598241153321339;5,5600444444986;17,1537725914831;3,17597713012992;87,3143510642709;14,137138571237;54,9546621395144;5,84259885706268;88,13900677396;1,98813206219813;3,86709489816354
;86;5,67091582631326;1,52693470246049;1,59410794351311;3,98308556193911;18,2105173106114;13,7879888164063;5,62934687282427;11,0861770939279;4,08717688989583;2,9687160070759;5,20637761444851;3,4799879387291;3,91513631355116;3,16271786658854;3,79047823841819;45,2576652199918;9,74009150606651;5,44204716228489;9,38466494361285;5,10186550989721;2,98281883123229;0,35801337504887;3,67568928596609;1,68484621030012;2,57460107458724;3,74954085673892;5,15686833010773;13,6355845642966;6,31982840500376;4,68020072220764;7,16828802845095;3,16784836176572;1,92878965967225;4,0828455504078;3,59532814229453;4,27373193340867;4,22997427002457;3,78134123349787;13,3820685594213;6,98579375664127;10,543404174115;6,59898691965532;3,94223325288419;-1,02142082701533;4,29817481700707;4,87925355019718;4,50092084828378;1,89653479337687;187,696484756662;11,5851889628352;121,179645085956;4,03262806521661;175,853450598868;5,08669851031641;1,04042743236829;8,69411195020945;5,53034615885008;4,09725710741537;2,69291193310369;205,894484517112;11,3235676225875;109,962724806544;5,23743920186854;181,532177042098;3,10852289016691;2,69128517952947;4,2323623014625;3,73971801162025;5,84124846672466;1,41334031783941;70,4345053067855;12,7720216453283;28,2370346511078;13,2922095696795;71,7835874202285;3,83094039174347;3,39563136444309;0,248571709213252;5,16129127532508;5,69509130439059;3,26943261881615;66,8672009758557;14,3063933716457;37,2485993056242;4,58386209838017;65,595597140838;2,20786849939765;3,81605634340502
;86,5;4,62082222022849;1,49797188490447;1,96461617829527;3,4769595010045;13,0044661281115;13,407489522967;4,10796853685639;9,60562723121632;4,04688079194682;3,23723987237707;4,67240026642287;3,17783337359504;3,53228518135029;2,97572609280206;3,59751297028237;25,9961196514928;9,61200592660924;4,08455557961668;7,9299988638341;3,0919860817483;2,98866196528127;0,272771075295907;3,51265089411015;2,45563753338456;2,83581727699607;4,25399908429421;4,38913259737649;12,16351301012;4,96354277831557;3,50909103772943;6,847830724804;2,47299981117652;1,00973551907128;4,37432224679458;4,11845835657806;4,4671714592223;3,77958882557488;3,25139196963551;12,4470445001543;4,5622474739734;8,70746539132688;5,95054467340628;4,15906108686107;-1,19593891499255;3,97939588804377;4,80765066302894;2,98642094897281;1,83573913736222;167,924350226867;10,9447954562595;96,4111164731702;3,89447252298839;118,777418279278;4,66149846572995;0,356884212025363;7,2885621276539;4,24284981579626;1,4173519711423;2,40811404964302;187,805084095379;11,1714862420866;89,8539437495955;5,2251657551181;118,516683615046;3,55525480195013;1,89449161445231;3,9970452441213;3,16617024963642;2,89968323563846;1,42186440069037;51,1930374740431;12,4623882338649;21,476295875324;11,5800500408229;48,9041999309148;3,65553533641702;3,46313954380582;0,668443444902437;4,7123560490258;3,14676986454765;3,41215428485049;47,6007983812967;15,5252935301389;28,7802222653346;3,49577500196148;45,4573212651715;2,23103778295973;3,5203190858403
;87;4,20596833756173;1,39248125826708;2,28423623374175;2,99274146476984;9,89635164800961;13,080478639196;3,01696830048581;7,8070945305775;4,64022770804814;2,49981376335523;4,35040583483675;3,11428443458556;2,51177019469105;3,10045354800536;3,88634503161961;14,3495110308114;9,46342927580952;3,24366275166062;7,05039187884739;2,81563739058055;4,31281275394429;0,0905972960600252;3,08314816439406;2,69940140268142;3,04386342290826;4,17441972228761;3,96860273684837;11,0210431850478;4,27215022205519;3,55529622488518;6,95131269075517;2,64946028582636;0,608419465098905;3,93770866266584;4,40209199833248;4,34326936670135;3,42795550050806;2,81334913511705;11,707717511146;3,47089404955682;7,65149616686745;5,63194011845593;4,31845124229011;-1,27393471500255;3,67109271774308;4,38855482032142;3,34387951847265;2,29637297358101;129,71331777291;10,9834583814263;75,8552234217447;4,30725329924564;69,1900600317738;4,11878103757903;0,65526847266284;6,39834808079877;3,71494051505312;1,70111261128432;2,34840452385845;149,803133473215;10,8410248333208;70,9586138937434;5,61484264539473;64,2580185419206;3,49049145689702;1,32615391433006;3,79586278724935;3,00444588080705;2,66262525510558;2,06148268410482;37,4877632592031;11,4844236126355;16,6851588470743;10,4470544201366;28,9861004476916;3,61582572287102;3,79702999098413;0,87591009398659;4,36094898940831;3,0889795226841;3,43153987545958;33,9375472976147;15,1476154966952;22,2400146850914;3,34743769722485;27,810003039537;1,93252305062202;3,15059469195302
;87,5;4,13661489327535;1,49847735823312;2,06140263466477;2,72467160367955;7,94051005474097;13,0109505536919;2,01923536773228;6,6535918451446;4,29734983475612;1,91433494730848;4,50011782208475;1,93142480831636;2,1604128211398;3,32251247847489;3,85036009996998;7,37889592626669;9,82923807989516;3,76154333513756;6,49296982678055;2,48047432087168;5,02720349185267;-0,490861214921324;2,74497429810941;2,48602409065171;3,65403754647508;3,41572817400282;3,82112532897713;10,0985106555739;4,06004545506312;3,73881982085044;6,31883187599277;2,52298365182935;0,708328040443632;3,9971407176879;4,58176478944625;4,62889436949013;3,15389940660447;2,43699321940289;10,9699863267618;2,86673857455952;7,101688129168;5,89465133144193;4,80325874772996;-0,866695453362752;3,81596569227804;4,01512864762987;2,92083592879288;2,15813064613906;88,380937448066;10,8474166350229;56,6543426346994;4,97977109262325;28,5950088483798;3,392490146885;0,36601188459889;6,14735675066174;3,37903068943422;2,09612721762591;2,39948185863716;106,132055193136;10,1115570362167;54,3543330222981;5,26422252474578;22,2191490840326;3,01203742467544;0,679106011225315;3,57009286166266;2,54563408752165;2,75165689247274;2,56938781905058;25,4611129412784;11,169124066155;12,4942862234161;9,10908074530772;13,7783728095253;4,3314797003996;4,6847687374277;0,902749267007096;3,94700360751659;3,05771983137936;3,21764172687432;23,8235043220017;14,3173715086824;16,1151741199664;3,10854610821292;17,0721467879785;1,2790286172845;3,2491245819453
;88;4,17357005891728;1,59525148574016;2,4381783808247;2,3167759769596;6,59813853503249;13,0562076221935;2,68632977715083;5,9099003459441;3,65703226198571;1,61620152150914;4,71197340261176;1,24227775124336;2,02017689569294;3,10558385911492;3,42695662218551;2,67233193234699;11,2076933049143;3,41256370268934;6,42068284075953;2,62953160432716;4,60076917453142;-0,99056023834612;3,01924995814744;2,76381050107932;4,49197696385096;2,98669322815738;3,2853032556593;9,70332348128449;4,31232055476988;4,08197071715523;5,34495953234375;3,03647279747963;0,44580015364005;4,99239464353116;4,3784070580719;4,47605914726734;2,87225546699062;2,81824301272866;10,1017506222088;2,72304860226706;6,2745592299558;6,89335857696756;5,12881010456118;-1,21120735267397;3,91412485449683;3,71630699824607;2,79437928092898;1,95238187237396;55,5998251211604;10,3635217367818;37,2393005401855;4,82345434942482;6,97430135457608;3,15978158887941;-0,135440315151243;5,85300446022467;3,05170165669648;3,03124437144868;2,53790133399912;68,917362268765;9,58175556112354;38,055080132081;4,31220278344358;4,97233968003002;2,64317165264822;0,148869660251592;3,47072268558935;2,33708759112216;2,8338298478418;2,63322889205563;16,5484356801246;10,8339482264911;8,86135962053527;7,93886916073507;7,35118705196965;4,76194819308824;4,56808052361077;1,27218612163023;3,65007321822299;3,70835137889611;2,92785655965218;15,557347212441;13,9228094700647;10,6478955099185;2,69662888506599;12,9494451021346;0,991743479560341;3,25374174274032
;88,5;5,09905286522638;1,71380039911764;2,9078535926003;2,16149164289385;5,14701773081538;12,6259739233305;3,8540840150053;5,01500510855652;3,58331847717329;1,26618397482736;4,75443357371529;2,20622851792155;1,55510607054703;2,92230175808709;3,23357172584389;0,882326099139163;12,3635531537759;2,79157464727001;5,79595524346678;3,0408990626305;4,83412714465715;-1,24524070975849;3,54347904881979;3,01902273469454;4,48007014816091;2,9469573939636;2,9832188185427;9,92409393074684;4,16306804742788;5,1198552945761;4,62069392856694;4,33851881060656;0,529457797329997;5,52016391120736;3,79650999193927;3,66585002432885;2,70457866530177;3,47231735714092;9,10761399741023;2,51281797249135;5,3421673674942;7,32238067797277;4,9432618885416;-1,92460365347921;3,57123656765884;3,39873276659483;3,22399420693216;2,43960404380834;29,0916318145788;10,6339226887952;24,3008151134914;4,50984991405386;3,57507831889478;3,34643397992772;0,755941652949957;5,30678438857751;3,01399080016881;3,98696274935276;2,57515938160282;37,8808846885213;9,38806800255855;24,812421520749;3,59385558809169;5,42339164807493;2,61505679913563;0,289612078320943;3,61714906307935;2,67082525817204;3,02260346256566;2,75007195790084;10,4998687831604;10,3189293325946;6,37896261695391;7,04175392511553;6,07329056155402;4,71588741059367;3,69098289327576;1,5017815469854;3,56942278082676;3,74341399653116;2,4811010648321;10,8252141155033;13,071493594649;6,98243228851686;2,70312707364656;9,21514748480519;0,639600645943972;2,90452007717323
;89;6,59773747400493;1,84542584746373;2,86577958610445;2,4784179177181;3,49308976133909;12,0526107673107;4,14206332203526;4,40460244238267;3,31052302134128;1,18096334656173;4,93935667157183;3,08976459905676;1,46700504274503;2,91818994493309;3,02253911154088;1,28123980546695;12,4275531284932;3,38014638965342;5,20624429737148;3,41513792583862;4,7397429824681;-1,30091364153367;3,71561872241517;2,52006063285063;4,08213024476891;2,78738634918159;2,99241407337968;9,84012195536792;3,91338622032799;5,99958755186179;4,01901492540685;4,5623540529599;1,11862359002237;5,74263900264759;3,63847880335271;3,26777015586731;2,59532509243184;3,40229389897416;8,09594849708765;2,6565574018698;4,99399130948507;6,62158723059986;3,99930270701765;-2,05142901254914;3,40096097683158;3,36725912238364;3,44237255285049;2,4661951050972;11,905678161188;10,930860466329;17,7325284007368;4,6065290315737;4,12259054307521;3,0921932311424;1,29742984766898;4,84741041305261;2,66600043541598;4,53597256772809;2,66456137983585;17,2478137429157;9,47025477033293;16,617484574535;2,34971132849762;5,87709203483405;2,67976456709886;0,400426489122935;3,49048993890784;2,89438428528371;3,20646370304058;2,87468884192634;6,80751304843841;10,4790523600967;5,19084327257139;6,06834029313001;4,24104227171199;5,29497503264605;3,41081753077941;1,05901736010861;3,47517410624056;3,95030315813796;1,951103799485;8,56157252864409;12,0267617635234;5,38382480094356;2,80970378427878;6,26218973229703;0,0822466810640208;1,87243594487097
;89,5;7,34560896704306;2,22961217986358;2,80171567777535;2,5663524327195;2,68495832411594;11,2049172312019;4,61552347443188;4,57238401235611;2,72060918075579;1,63836711961477;5,06088037753005;3,47812400961482;1,59385261738203;3,07303870746892;2,69578781152956;1,88443479260661;12,2660882741587;3,57727033982798;5,5750185870977;4,17011640646655;3,6752913325621;-1,45263069767884;4,07359075288326;2,85341028140135;4,03561837871484;2,37966181124688;2,67754273056858;9,86619128931301;4,21351136277394;6,09351168424848;3,71604595565435;4,1907099792158;1,61641314931728;6,3243041820196;3,54322177210156;3,16746925288652;2,47848598107123;3,40579167400688;6,51958490145825;3,0799508516763;4,76101287967276;6,22669125049362;2,97307869112927;-2,16548992284271;3,41637126509067;3,50184578138527;3,44298796144295;2,12462450195028;6,41439585218683;10,6691189479859;11,4316659755865;4,22180917027282;4,09825286238566;3,31979723906466;0,82848762683426;4,43379559889155;2,01591279775039;4,32461047718402;2,72054283608168;9,17999678158407;10,138605839324;10,965442140259;0,831837351383911;5,05307681672809;3,01615924428859;0,516682735003712;3,34276868597027;3,15584924227551;3,14339264554945;2,68599914954194;4,76595063105219;10,6985591658841;4,80017577153956;4,99790430630316;2,87678783635232;5,18522074545768;2,80189483801308;0,942209230588844;3,58126791183889;4,4260357896415;2,10000848390098;6,45994993403849;11,930121300542;4,22901363663499;2,68586936920946;4,35371993432364;0,0754467541834174;1,25258069370756
;90;7,51103429991622;2,37711239020069;2,89653691927765;2,66910632409031;2,73847070206864;10,3252136098034;4,97410737780939;5,43285261210843;2,90045607221197;1,64277624981975;4,71705909997598;5,06908417757813;1,50169961180598;3,57157233338518;2,10456235476863;2,64034946914603;12,0658490097246;2,85972650312101;5,34800038562366;4,79403867898242;2,41832187295051;-1,59066930203494;4,68547064760645;3,4891850671612;3,7875522285189;2,42644408746742;2,23202852620801;10,8279863838831;3,80622461188528;5,69745872325313;3,94535398040063;4,18631036424108;1,72249055833692;6,63054624360473;3,43339608499628;2,96259157609103;2,3411440025281;3,45137607068591;4,74092978330077;3,04945607291012;4,22566150618724;5,39158544069267;2,64094310741814;-2,19433923681402;3,1930055689171;3,50890972382848;3,67025214329971;2,82602413966686;5,64801072990446;10,2486291390306;6,19175579236008;3,17724570439782;3,72402431546107;3,94689182105776;0,838594890516788;4,08854997315336;2,06214184203583;4,2287870861818;2,89500576368664;7,12091318150965;10,6286204264909;6,50526493519743;0,686040068895693;4,11273511635471;3,47942405254435;1,05910433458212;3,75157893342345;3,91459769006133;3,11524188141465;2,44053706037732;3,91060728249505;10,4746301834657;4,65155908917939;4,52077723310231;2,07472094477538;4,15362744438306;1,64466336040641;1,27837638449449;3,94503259413165;4,2543222631013;2,79672398839529;4,74259827149649;11,8270469757348;3,64913739697516;2,35785045626722;3,16050902883723;0,397387093512521;1,44896069132227
;90,5;7,33988243443508;2,72365689611206;2,42363666384819;3,17778924316377;2,82296749830107;9,25800982609036;4,27142808408803;5,69316804691914;3,66586732620203;1,43500082779889;4,90257341520572;6,17099958075715;1,46960006327481;4,46984034764552;1,6886865579645;3,56272706349495;11,530402811259;2,90182097295173;4,61940322304758;5,18055176304534;2,27454855312669;-1,57059295813178;4,71687025050579;3,50007199054045;3,2724611242096;2,73136079428031;2,18679879651893;11,2962721931051;2,88121793804532;5,57808675188414;4,68002780479958;3,40877743939825;1,67392256229414;6,15904243469566;4,04612860788939;2,84562385718573;2,33944140108702;2,36770095060649;3,67164441112641;3,05281839599508;4,66544641600257;3,65565107607222;2,51232277891546;-1,01071512091602;3,3142196237298;3,74493166573563;4,03953264892675;3,89010410359163;5,21314225797619;10,0366758177396;3,87182888448075;2,72394333469958;3,3253846683391;3,93995625565282;0,796859386808535;3,95467773565559;2,48583478896512;4,33083938699974;2,74418530315836;6,15674302051787;10,5913138928589;3,67943472501685;1,5501756333752;4,73318879510219;3,98732396664798;1,63909719379325;4,08501782313522;4,30250775406591;3,56144951268567;2,55017881125798;3,88528146356731;10,1599164581515;4,49144473614626;4,31358802529167;2,01562733438067;3,83377526082637;1,18575506804007;1,44068754147503;4,51047174078809;3,91927676927298;2,92918645604203;4,12532596644945;11,8603362869333;3,93888475855107;2,51340710267783;2,5348027312541;0,239711343224315;1,46628440776033
;91;6,62697897781493;3,35739175228377;2,53489119283495;3,32466525790363;3,36406380574704;9,32388813013739;3,56833346976345;5,69798032214953;4,15253153873414;1,292685720961;5,74233692474462;5,71521637697663;1,5920981418169;5,20555273428164;1,80831813955189;4,03899597584291;11,02238952451;3,17841376240432;5,07066881220857;5,33094476436935;2,3121095281108;-1,90365811424078;4,34961238306988;3,99468080394479;3,54377743948248;2,58445757837336;1,83345363694707;11,2097074707821;2,6222427369658;5,44224306439691;4,84734304658912;1,87292083865157;1,50234810603575;5,46348724159128;4,44122577386099;3,3634798958733;2,31634525498953;1,54050818526412;4,11972812981384;3,4264049191184;5,78770151688406;2,95149353103477;2,13735789993706;-0,161938178482956;3,89608269067605;3,66542279966853;3,84690862585569;3,74068465922204;5,22301466728067;9,61347056078159;3,26081919189585;2,6606666242813;3,66741190014272;3,34549283705417;-0,0478352726013327;4,3672405995938;3,03197198876546;3,49738705988995;2,65407740600506;6,0407430896463;10,3275828829667;2,77388730901731;2,16119568728806;4,98462534826007;3,75190994187574;1,53952934754807;3,99046495897318;4,0619003577284;4,35863328690306;3,05772542891111;4,33449954058693;10,3511120848019;4,41388377555751;3,66169484045037;2,35979670012324;3,67271016248282;1,44874089797634;1,58142124813446;4,8431078612399;3,76006264014933;3,20722472409744;3,52766277461762;12,140703627759;4,02323796535279;2,87621599950535;2,85355717840645;0,509676775967932;1,53822701805223
;91,5;5,48464138543108;3,58116019982623;3,05642330128285;2,9506650263188;4,27437809453647;10,5457126629641;3,32979376293764;6,00711960298707;3,85325449250411;1,14072143145529;6,11007026073656;5,17915086927798;1,73024823734323;5,49066720292922;2,08520482063909;4,448584499101;10,6166802968819;2,77127872715687;5,65078782567048;4,65948340498551;2,15375185631655;-1,85651900540182;4,33275901804711;4,73544121615288;3,80737990388741;2,57138827726862;1,91006696251497;11,4026455563819;2,28473982558637;5,0224550557848;4,47411895930497;1,02256961334405;1,232288242143;4,87094736749646;4,15707762533594;3,95511123659873;2,30263967869712;1,80898835767107;4,99560567552481;3,60887909219849;6,1330420089534;3,56569113767102;2,76429145369127;0,0319943918210583;4,37625237983963;3,03638861362612;3,70672530046716;3,49069974957752;5,0349973768964;8,91310159786377;2,76122796813627;2,6870310913099;4,19366854328092;2,86111659501501;0,00791181619661074;4,42587223407651;3,9146204632508;3,08330081786613;2,72581774689814;5,73910607485453;9,45717163303402;2,55946702353492;2,8247215769494;4,61503265255044;3,35904402896051;1,30350249661495;3,92193196907118;4,19348943913849;4,6576898943681;3,28241172021484;4,21915641498373;10,6406353739962;3,82919172555353;3,60801043733602;2,66221076739066;3,12830945043811;0,803412466876068;1,3266889053113;5,0705057055182;3,72210593077352;3,7416831527695;2,82517632015094;12,0134174154825;3,48284290632978;3,15375080981693;2,8947670295982;1,369296327835;2,07891721031069
;92;4,70819083553272;3,56699573207277;3,17442359054968;2,75868781042976;4,80703774793625;11,3559764182434;3,21405828697874;6,45446999199015;3,52481885418536;1,00396050794171;6,21704685646108;5,18855230971559;2,26954887322097;5,25978567039249;2,06068040216604;4,81146883227757;10,0775157167503;2,65529917708858;5,28145054147467;3,76532016468326;2,43527028379657;-1,73521978401436;3,89499104159682;4,68260638997856;3,73454198986167;2,73765976858112;2,4705342881457;11,2275531271692;1,47809796381654;4,92990328001127;4,18501419085703;0,776645239444122;0,778253740584717;3,99339620819575;4,0041517429064;4,07119415502876;2,6231787234999;2,23812108696018;6,23766638065536;3,38282794666651;6,01899787443466;3,54200142830143;4,09876536129605;0,248277144693077;4,54414998423425;3,0493187302265;3,88648168262745;3,49339541425724;4,51999607640238;8,69908666129641;2,25543063639424;2,85472853624537;4,37283691122491;2,5287828475075;0,433012613045776;4,55601908610771;4,33686379845221;3,56645066644074;2,09767056437244;5,02822757784196;8,22499932513284;2,26118434227044;3,66224806111046;5,18419130199823;3,17405558100563;1,07526685392099;3,49475975610522;4,23992710360506;4,38953798903589;3,35145998905813;4,36832486110603;10,6277254514753;3,18836514826342;3,94761371498277;2,768566918342;3,5027788962766;0,0693518845696417;0,73277367025355;5,43310687685573;4,02872269578137;3,26686444436967;2,4862998137894;11,9140445683343;3,36944801153487;3,07617337394407;2,64106159207046;2,21716449641997;2,37254841315161
;92,5;4,78226411274744;3,71342964011524;3,51834557090569;2,88591728746968;5,08272637702072;12,0419985886982;3,03824203658797;5,88673164782898;3,6058150261245;0,864205991183667;6,01336602611576;4,38279282131344;2,90779748421141;4,4593600253753;2,48856363632763;4,49973153654889;9,65667891631404;3,29425812491689;5,23148771230944;3,51150078097538;2,72079377157104;-1,56299821525306;3,13586138131603;4,07050578805848;3,67379283583665;2,78302415625313;2,58091821334455;10,3277217660755;1,77798470241646;5,47048229026558;3,83819623677022;0,260646638175103;0,551739817386874;3,17765712429485;3,95572235947367;4,24032068134454;2,86385509484103;2,62333129557322;8,60890148058581;3,19757603865241;6,37516408868618;3,96299421122774;3,90540388706376;-0,179973276109536;4,44178833735128;3,25309027708164;3,83015522548112;2,62117865128931;3,61306786823349;9,04665624802044;1,88905449389932;3,14947407491627;4,52470440491561;2,26372773473759;0,500076460170931;4,83181637985211;4,36629523644598;2,99996978514787;1,45114015501133;4,11610511914205;7,96553778870867;1,64435414925026;3,95002958347345;5,3647091095965;2,66101712627164;0,601778502434911;1,97753149997658;3,9048729086918;4,3598186249128;3,74905250105644;4,36750647770873;10,6676974764446;2,90343907935301;3,97113254344703;2,58939097827943;4,32837622941656;-0,00601958202247488;0,367536753618708;5,42095553866733;4,22605355578361;2,49470963988989;2,3701994579543;12,1180928177075;3,8723761501588;2,79869693979447;2,84578819301152;3,04105802086173;1,5786631030079
;93;5,40490380727027;3,31496845113429;3,93555586284498;2,88411256126739;5,10844336168725;13,2290839516473;2,92541957880837;5,52726371075539;3,07422247947585;0,611900090799566;4,94148936507372;4,11309495191841;3,19969098651336;3,63351828940722;3,21475626690057;3,87572280475115;9,00901012004061;3,85806791634451;5,66720730599127;2,91936509504251;2,59111452052207;-1,25590308121167;2,95404986196866;3,77935462287007;3,30436112355761;2,19824934416209;2,68341369175488;9,7594127036341;2,59955321636204;5,62353429873627;3,24085650577587;0,274518346079901;0,896831169984466;2,41349091021442;3,22835003209627;4,62547632678758;3,0642472254396;3,08648811007004;9,86411365885317;2,74578346761786;5,80987116776481;5,25152481241571;3,87731476594371;-1,19783558613165;4,03170273586016;3,0661626337627;3,68147419852704;1,82239016089761;2,91488046251817;9,33644483867442;2,41910609396672;3,41883929709275;4,68742865194218;2,423365518384;0,721571201817767;4,36377662764227;4,24312146070935;2,44362451542804;1,11975025167419;3,55813683343513;8,22260503367767;1,44512053904526;3,74257248980246;4,88457495824053;2,36995514173674;0,11139627654893;-0,0177753848477664;4,2490361860165;3,84673241686068;3,74431988117215;4,2002189609147;10,7031404541511;2,61397103275101;4,1367677560101;2,47878004494009;4,20375307179279;-0,81233092841876;0,178652909032394;4,82650841652134;4,03748173178457;2,26704260303296;2,21616349799638;11,6512124537002;3,88225974316896;2,53639846976955;2,87142850451619;3,70509052564404;0,965995842883046
;93,5;5,96172977738769;2,6803812506065;3,72090040069304;3,58463143269438;5,32858732443788;14,4528119182767;3,27920592326245;5,97652532236327;2,94055460101038;-0,421604290817697;3,75196300827201;4,54967953023282;3,01478691671724;2,86737114657313;3,75659540462897;2,39735941979461;8,9826037329301;4,58585688962449;5,00752867794341;1,89993506805644;2,00587519110417;-0,651828658117836;3,25787930177188;2,49491662358071;2,48436137255118;2,38615459561044;3,16918831658381;9,66180647281277;3,35715934260327;5,79384720785447;3,256993719197;0,870190430262141;1,85120196845133;2,05192319960065;3,27900120308635;4,61423129464703;2,40519458323104;3,47402754075114;10,2706784940333;1,59334609892221;5,24835946111432;5,63103438019726;4,0097911693573;-1,48332757012287;3,0808542027363;3,64785453250823;3,71697899556511;2,09169621066985;2,06973792909633;9,86947240522642;2,31861631634149;3,14465366260799;3,70825536497171;2,81866028400907;1,17799373432723;3,34823566141949;3,9507418376416;2,14863531081193;1,18038207297604;4,31652081465313;8,02114237727881;1,45946040762004;3,90947853530957;5,09663407785439;2,74876384586815;-0,0269345050824086;-1,61341826859859;4,54572866232979;3,59652532102285;4,24318473081973;3,31549688853426;9,86338751713083;2,58122745537696;4,50627628239283;2,08931015485314;3,67919845636936;-1,50288361058915;0,359727744441784;4,34420648335498;2,900435595185;2,41390201070425;1,94648162783074;10,4113945836837;4,46249794342862;2,04848487051697;2,16443089471392;3,92933041785284;0,690107676882235
;94;6,53032091584765;2,53944060268651;3,54364573515232;4,22289115587216;5,32629599520243;14,2720862594106;3,22879344428713;5,59309374650763;3,46283830719352;-0,801897178935064;2,81295352984523;4,48542878619099;3,14019873098607;2,38288132580425;4,10353634596135;1,44799395418124;9,21074959266315;5,23594548043559;4,52943301042461;2,00862086236333;1,77980732858157;-0,448964122369887;3,21987419418548;1,61582567370482;2,11457586279323;2,44079804804937;3,24984576697824;9,35806725213877;4,10719746778898;6,21165293101069;3,48139008854469;1,1301359250408;2,2643494563647;1,80928290545131;3,45971239898415;4,34378274411301;2,15540087891094;3,36999321109448;10,8537483249621;0,888153130953754;5,24847437265879;5,76635850886606;3,43357202532593;-1,73425365533524;2,62578763370055;4,18198086035812;3,72100084544383;2,05450378115233;1,31542874159942;10,646539022768;2,11436604054239;2,89138179003152;3,44612747451657;3,25918302568505;1,11267183423843;3,12445966156241;3,60221764795739;1,56385371466422;1,03269437385154;4,24145228768856;8,55636832889667;1,33634780017263;4,15010834462157;5,18729523143287;2,92031853133375;0,0183257028145363;-2,96664091593391;4,44377015655556;3,50797774246075;4,68234299472209;2,55916297989319;9,2240353450116;2,8860980320955;4,66766459524581;1,7064071610165;3,57703420654809;-1,50724734021151;0,658369236153135;4,07267055716079;2,24476216320113;2,13760976268537;2,05418502349335;10,3166441702023;5,3120130126544;1,67595306334715;1,68861896529313;4,10943834002381;0,193017817313773
;94,5;7,44427024583121;2,50558776048894;3,64604714587205;6,43026772557903;6,62514882766055;17,110604438752;4,10908753839351;6,25403432074097;5,00186168971362;-2,82050488686116;2,75782686956507;4,60710649720858;2,38235979360991;2,21328447791535;5,60633407503923;-1,37362841824404;11,5753351103328;7,20431964307966;3,57166241067063;1,32552548624648;1,11720403978222;0,124989869516469;4,39570364017465;-0,00540166676643139;1,62341088508595;3,96503209913385;3,60693512976303;10,5366130646374;6,13202876725393;7,44487747319192;4,39031857389364;1,55248608965189;4,332213169532;2,27222154797943;4,83652835777991;4,53164992973416;0,179037559153755;3,69901156183874;12,4126452912643;-0,236617123090753;6,91896274502068;6,27754964062052;2,11993441784739;-1,52698980248454;1,79107891722941;5,46242100244984;3,97355304648573;2,9769630131143;0,363747683727809;12,5344835388544;1,2866241381758;2,21923474285535;1,77744088807941;3,69378045517794;1,36756497476927;2,3967152521322;4,15655334780837;-0,105714479493599;2,29761818069994;6,87492850070993;8,90336629738948;1,29934724299818;5,17433823959766;5,97967265995879;3,70010450213402;0,106215829224539;-4,26863518620382;4,1950186790221;5,00294305236548;7,00732611055258;0,732530597579569;8,51737101548275;3,95687691499728;4,88761080864663;1,50225630544071;2,65788002138481;-1,05466089392803;1,83057139311302;3,91428146136627;-0,302004384012662;3,49669731014507;1,90450011817234;9,34673584012484;7,33041629962548;1,39351677527293;1,20079825895607;4,05418194370549;0,0279840041279726
;95;3,30618493396952;1,05875157109114;1,52698700414822;3,84281877127876;3,56420898776452;8,81192206006881;2,29241911965266;3,11328282297234;2,83308631095309;-2,1209688005132;1,35385770510572;2,02034911930076;0,503131711523679;0,954117854586968;3,14306920819621;-2,06857147529615;6,20565258526557;4,00473095193468;0,903222353765443;0,0421144741039257;0,11736502910469;0,403766749347653;2,59433321646503;-0,752967426122325;0,467343190255292;2,66540437065373;1,87043735040123;5,1750670697428;3,51507776209394;3,70552932764497;2,33425691014145;0,886233405479061;2,93171363053148;1,30164789870702;2,81541440517174;1,92693176616285;-1,09315114738939;1,77894052002836;5,84476379901167;-0,601645384832125;3,91838317941136;2,79160463035697;0,43150341089472;-0,273666465679185;0,403474845141943;2,99541337141585;1,89249544005207;1,88703622031494;-0,268158941648096;6,17870379766583;0,0286664047812906;0,600136637630328;-0,236789604053399;1,70660828222742;0,890191623378087;0,569652458676899;2,14762029071113;-0,780047871500301;1,73313907559225;4,46196565564532;3,59878112210725;0,564162140278484;2,73591934744547;3,05607358984111;2,12806280990498;0,116813525076623;-2,10265632727157;1,56137713330446;2,92425987154047;4,23881499750672;-0,722677309131143;3,26197599305084;2,12824994484976;2,28091429416247;0,702060581206638;0,646714335572256;-0,303474619739518;1,30562683356254;1,66966173985588;-1,44378515409358;2,27191111665303;0,78238264961351;3,34802113832842;4,00756616126949;0,549587746161251;0,28008654777102;1,69326373341136;0,108065135204868
